Year,Title
2000,Heart of Darkness에 나타난 거울효과 : 복수서술을 중심으로
2000,『햄릿』의 연기론적 해석
2000,『오루노코』에 나타난 아프라 벤의 이중적 태도
2000,The Voyage Out : 정체성 확립을 위한 출항 - 여성론적 관점을 중심으로
2000,Reflexives in Middles
2000,최적성이론에서의 불투명성에 관한 연구
2000,영어와 한국어 호칭어에 대한 재고찰
2000,비선형 음운론적 영어강세
2000,멀티미디어와 영어수업
2000,Huckleberry Finn 에 나타난 남부 사회
2000,윌리암 포크너의 「팔월의 빛」에 나타난 삶의 부정과 긍정
2000,A Study of African American Self in The Bluest Eye
2000,월러스 스티븐스 의 『풍금』에 나타난 탈 엘레지적 요소
2000,조이스의 자아도취의 기법 :『율리시즈』의 경우
2000,"르네상스 영시에 나타난 사랑의 의미 고찰 : 와이어트 , 스펜서, 말로, 셰익스피어, 던 그리고 밀튼을 중심으로"
2000,The Interaction of Addressing and Language Use in Korean and English
2000,교양영어 의사소통 기능 향상을 위한 조사 연구
2000,On the Genetic Relationship between Korean and Japanese : A Critical Review on the Lexical Evidence
2000,배분 의미와 속 구조
2000,컴퓨터를 이용한 영어진단평가 프로그램 개발
2000,영어 어휘 강세 규칙의 이론과 실제
2000,영역에서 문화에 의한 사고의 차이로 야기되는 오류
2000,최적성 이론에 의한 영어의 제 3 음절 이완 현상 분석
2001,동시를 활용한 영어교육
2001,Argument Structure Alternations in English and Korean
2001,Second Language Acquisition Research : a Historic Overview of Its Territory
2001,The Interracial Relationship During the Harlem Renaissance : A Key Role in the Shaping of the Historic Movement
2001,비인칭구문의 주어 획득에 관한 통시적 연구
2001,토니 모리슨의 『재즈』에 나타난 서술전략 연구
2001,F. H. 브래들리의 인식 틀에서 본 「성회 수요일」
2001,"The ""Physical Language"" in Eugene O'Neill's Long Day's Journey into Night"
2001,Othello 와 Woyzeck 에 나타난 질투와 살해
2001,A Critical History of John Barth's Lost in the Funhouse : Where a Contemporary Artist is and What his/her Self-consciousness is All About
2001,To the Lighthouse : 여성의 정체성과 여성언어의 탐색
2001,특정한 통사구조의 언급을 필요로 하는 후어휘음운현상에 대한 연구
2001,영어수업에 있어서 수업도구로서의 창의적인 드라마
2001,Jung의 양성론으로 본 Hester의 특성 : 그리스 여신들과 연계하여
2001,Multiple Styles in James Joyce's Ulysses
2001,Oscar Wilde`s Aestheticism : A Quest for an Ideal Society
2001,"엘리엇의 초기 시와 F. H. 브래들리의 ""직각 경험"""
2001,A Discourse Analysis of Talks between Marlow and the Harlequin
2001,Necessity in Percy B. Shelley's Prometheus Unbound and The Cenci
2001,"Christina Rossetti의 ""Sister Poems"" : ""Goblin Market"" 을 중심으로"
2001,『빌리버드』에 나타난 허만 멜빌의 문학과
2001,A Constraint-Based Analysis of Aspiration in English
2001,Examination of Cross-age pair reading for ESL students to gain language development and reading comprehension
2001,영어의 탈강세 규칙
2001,최소이론에서의 영어의 축약현상
2001,『로즈워터씨에게 축복을』에 나타난 휴머니즘
2001,God is True and Every Man A Liar : Problems of Language in Robert Browning's Poetry
2001,Theological Questions in Christopher Marlowe's Doctor Faustus
2001,A Discourse Analysis of a Conversation in Conrad's Fiction : The Doctor-Patient Interview in Heart of Darkness
2001,『마지막 놀이』에 나타난 변증법적인 극의 전략
2001,Instinct is a great matter. : A New Reading of Falstaff's Dionysian World in Henry IV
2001,Secondary Predication and minimalism
2001,은유와 아이러니의 습득
2001,영독 통사 의미적 비교 연구
2001,"The Place of Morphology : Phonological , Syntactic and Postsyntactic Evidence for a Modular Theory of Morphology from a Case of Synthetic, Subordinate and Coordinate Compounds"
2001,HAVE 와 BE 의 비교 연구
2001,영어의 결과구문과 묘사구문의 사건구조
2001,극을 이용한 영어교육
2001,English Middle Construction
2001,대중문화로서 19세기 미국 멜로드라마 연구
2001,Formulating Identity through Writing : Maxine Hong Kingston's The Woman Warrior
2001,앨리스 워커의 『보라빛』에 나타난 온전성 추구
2001,「권능과 영광」에 나타난 상징과 역설
2001,The Image of Captaincy: Discourse and Power in Conrad's Sea Fiction
2001,셰익스피어의 4 대 비극에서 여성의 배신과 관련된 주인공의 고뇌와 반응
2001,Literary Studies in the Age of Internet & Virtual Reality 
2001,『제인 에어』 : 여성 정체성과 여성적 글쓰기의 문제
2001,Ideal Glocalism in Seamus Heaney's Poetry
2001,FO Peak Lagging in English Intonation
2001,There as Nonexpletive
2001,교양영어회화 소재 내용 구성을 위한 조사 연구
2001,Why do Korean learners of English avoid using phrasal verbs in their English ?
2001,비 - 해석자질의 삭제와 이동
2001,역동적 결속과 조응어
2001,초등학교 영어 듣기지도 모형 연구
2001,후어휘 음운현상에서의 분지절점의 역할에 대한 연구
2002,How English Speakers Perceive Non-native Speech Sounds: A Preliminary Study
2002,셰익스피어 극의 각색: 베르디의 『맥베스』
2002,『갈라파고스』에 나타난 계시록적 비전과 구원의 메시지
2002,『무너져 내린다』에 나타난 식민 저항
2002,『여행의 왕 손오공: 그의 해적판』: 미국 손오공의 문화적 인종적 경계 허물기
2002,브레들리의 인식 틀에서 본 엘리엇의 ＂감수성의 통합＂론
2002,영.한 관용어구 비교 연구 --신체의 부분이 쓰여진 관용어구를 중심으로--
2002,셰익스피어의 소네트에 나타난 시간에 대한 태도 변화
2002,블레이크의 『밀턴』에 나타난 시인의 갱생: 자기멸각과 시적 자아의 염결성
2002,A Discourse Analysis of Conrad's Fictional Conversation: Marlow's Interview with The Intended in Heart of Darkness
2002,컴퓨터를 활용한 영어 말하기 형성평가에 관한 연구
2002,Holocaust in Sylvia Plath's Eye
2002,A Study of Listening Comprehension Processing of the Korean University Students
2002,John Barth's The End of the Road: A Postmodernist Critique of Psychological Immobility
2002,토마스 핀천의 소설에 나타난 개념의 형상화 --사이버네틱 정보와 기계 개념을 중심으로--
2002,A Deconstructive Reading of Virginia Woolf's Between the Acts
2002,Incorporation and Verb Compounds in English and Korean
2002,The Effectiveness of Illustrations on Reader's Comprehension of Text
2002,English Alternations and Semantic Constraints
2002,통사구조 내의 일치
2002,조라 닐허스턴의 『그들의 눈은 신비를 보았다』: 흑인 여성 정체성 추구와 공동체
2002,Oscar Wilde의 예술과 종교에 대한 태도: Salome의 이미저리
2002,영어회화 학습자가 사용하는 학습전략에 관한 연구
2002,『리틀 도릿』에 나타난 근대시민사회로의 지체요인
2002,영어 학습자를 위한 현대 영미어의 비교연구
2002,『베니토 세레노』에 나타난 허만 멜빌의 자연관과 인종에 관한 견해
2002,Seamus Heaney's Poetry: An Exemplar of Adorno's Aesthetic Theory
2002,Psycholinguistic Perspectives on the Rhetorical Features of English and Korean Expository Writing
2002,퇴계의 '경'과 블레이크의 '상상력' 비교
2002,속죄와 화해의 모색 - ＂The Bear＂를 중심으로
2002,허사 It의 통시적 고찰
2002,은유와 광고
2002,English Pronunciation Dictionaries for Korean Learners
2002,<제인에어>: 제국주의 담론을 통한 여성론적 접근
2002,의식에서 비극으로: 『노인과 바다』를 중심으로
2002,An MSO-based Analysis of English Gapping
2002,F. Scott Fitzgerald의 단편소설 연구 --The Great Gatsby의 습작품을 중심으로
2002,Pinter의 Old Times: ‘응시’를 통한 여성론적 읽기
2002,허사 there의 자질
2002,Antecedent Contained Deletion and Movement
2002,영어 리듬규칙의 이론과 실제
2003,"Asian Man Reconsidered: Discursive Strategies of Frank Chin, Maxine Hong Kingston, and Marguerite Duras"
2003,A Dialogic Reading of Nostromo
2003,"Sexuality, Religion and Power in Measure for Measure"
2003,Semantic Change
2003,Individual Differences of Comprehension in Aural and Written Modalities - Focus on L1 and L2 Acquisition -
2003,Paradigm Shift: Searching for Research Methodology in the Language Teaching and Learning
2003,Korean EFL Learner's Comprehension Strategies for Idiomatic Expressions
2003,파닉스와 영어 읽기 지도의 방향
2003,『율리시즈』의 몰리의 언어 연구
2003,『로드 짐』:＂파괴적 요소＂에 담긴 도덕적 딜레마
2003,문장구조 구성을 통하여 살펴본 초점과 강세
2003,Case Spreading in the Korean Multiple Nominative Case Structures
2003,Pseudogapping: A Minimalist Analysis
2003,The EPP and The Expletive There-Constructions
2003,영어의 절약성에 관한 연구
2003,영어의 능격성
2003,『매장된 아이』에 나타난 모성의 이원적 본질
2003,『비둘기의 날개』: 상호 반영의 역학적 구조
2003,Beyond a Sentence: Contrastive Rhetoric in the Teaching of English Writing
2003,효과적인 영어발음 학습 및 지도를 위한 발음표기 체계에 관한 연구
2003,존 스타인벡의 문학정신에 대한 고찰
2003,아일랜드 문학전통에 있어서 예이츠의 정체성 문제
2003,제임스 조이스의 여성인물과 대중담론 --거티와 이블린을 중심으로--
2003,Online을 활용한 영어 CBT 평가 시스템 개발에 관한 연구
2003,The English Ditransitive Construction
2003,The Ethnic Man and the Real Man in Korean American Literature
2003,A Diachronic Change of Sino-Korean Verbs
2003,Critical Issues in Developmental Pragmatics
2003,성인의 외국어학습
2003,헤밍웨이의 『우리들의 시대』에 관한 문화적 접근
2003,그레이엄 그린 주요소설의 공간적 구조
2003,현대 영미 시에 나타난 문명에 대한 성찰
2003,『율리시즈』의 다양한 기법
2003,The Aesthetic World of Becoming in Jude The Obscure
2003,미국문화 비판의 상반된 시각: 『미국의 꿈』과 『샘러의 행성』 비교연구
2003,To Parody a Parody: Marvell's ＂Upon Appleton House＂
2003,"『트로일러스와 크레시다』와 시간, 가치, 재현의 문제"
2004,"어휘 능력, 배경지식, 읽기 전략이 영어 읽기에 미치는 영향 -한국대학생을 중심으로"
2004,Online 영어 학습 Community 설계 및 운영방안에 관한 연구
2004,국제자유도시의 언어정책: 싱가포르와 홍콩 그리고 제주도의 경우
2004,외국어 지도의 현대적 경향
2004,하디의 점진적 사회개선론: 과학과 신앙의 변증법
2004,들뢰즈-가타리의 탈코드화 문화론에서 본 외국어 수용의 문제
2004,Nom-Gen Conversion as a Spurious Phenomenon
2004,로맨스문학 전통과 존 파울즈의 미스테리 사상
2004,＂지금 여기＂에 대한 월러스 스티븐스의 관점
2004,영어의 진행형 연구
2004,The Civil War Political Pamphlets : Gendered Allegories
2004,A Plea for Anaphora and the Speaker`s Intention
2004,존 스타인벡의 생태학적 사고와 『생쥐와 인간』
2004,『올비언의 딸들의 비전』과 성 담론
2004,Intonation of Reprise Questions : Contrast between English and Korean
2004,영어의 sC 자음군
2004,『심벨린』에 나타난 ＂신성 한 자연＂의 질서
2004,The Merchant of Venice에 나타난 여성의 사회적 역할 확대
2004,The Phonology of Flapping in American English
2004,『계단에서 떨어지는 예술가』에 나타난 패러디 연구
2004,『바다로 간 기사들』과 『피의 결혼』에서 자식을 잃은 어머니의 신화화
2004,Reflective ELT Practice for Primary School EFL Teacher Education
2004,The Expletive 'there' Construction and Its Kin in Word Order Variation
2004,확대투사원리 자질의 위상
2004,셰이머스 히니의 『북쪽』: 문화의 뿌리 찾기와 폭력의 역사 탐구
2004,The Myth of the Fall in Blake`s Epic
2004,A Study of Daughters in Daniel Deronda and One of Our Conquerors
2004,윌리엄즈의 극에 나타난 시간의 문제: 과거 속으로의 도피
2004,Linguistic 3D Molecular Structures
2004,The Reconciliation-oriented Literature: Based on Seamus Heaney`s Works
2004,한국어와 영어의 유음 음성상징
2004,『해는 다시 떠오른다』에 나타난 불안
2004,내적 독백의 아이러니-Strange Interlude 론
2004,HENRY DAVID THOREAU: HIS VERSION OF PASTORALISM
2004,『로드 짐』에 나타난 도덕적 주체성의 문제
2004,윌라 캐더의 『종달새의 노래』: 풍경 속에 담긴 여성의식
2004,상황 의미론 내에서 화행연구: Devlin의 충격과 관련하여
2004,초등학교 재량 활동 시간을 활용한 영어과 프로젝트 학습방안
2004,Is Active Zone Universal?: A Comparative Analysis of English and Korean
2004,『율리시즈』의 다양한 서술기법: 우연의 실용적 이용
2004,An Account of Child English Phonology
2004,Reading Wallace Stevens` Readers
2004,영어 읽기 전략 활용에 관한 조사연구
2004,미국영어의 특성에 관한 고찰
2004,자본주의가 빚은 두 죽음: The Secret Rapture와 The Zoo Story를 중심으로
2004,결과구문과 상적구조
2004,정적 및 동적 의미론의 연구와 대안: 덩키문을 중심으로
2004,마크 트웨인과 노예제
2005,Teaching and Learning Hedging in Academic Writing
2005,Notes on Optimal Binding
2005,Simulacral A-Natural Culture in Thomas Pynchon’s Fictions
2005,"‘현지’, 사랑 그리고 생태의식: D. H. 로렌스의 사랑하는 여인들"
2005,데이비드 윌슨의 성공의 아이러니
2005,"Reterritorializing Colonial Bodies: Novelistic Origins of Robinson Crusoe Nature is a body too, it is “man’s inorganic body” . . . . --Marx, Economic and Philosophic Manuscripts of 1844"
2005,S-Palatalization and T-Palatalization in SLA : Korean Learners of English
2005,해롤드 핀터의 정치극에서 언어와 침묵의 의미와 기능
2005,Syntactic Nature of Focus Constructions: Spec-head Configurations and Feature Checking
2005,"워즈워스, 아담 스미스, 에드먼드 버크: 감정성의 정치학"
2005,『재즈』: 흑인공동체 속에서의 상관적 자아의 형성
2005,『실낙원』의 이브의 모습에 나타난 존 밀턴의 이원론적 사고의 극복과정
2005,『얼음 장수 오다』: 여성부재의 공간
2005,『고도를 기다리며』: ‘시간성의 수사’가 빚어내는 ‘글쓰기’로서의 ‘기다림’
2005,On the Referential Distinction of Anaphors
2005,보네것의『갈라파고스』와『타임퀘이크』에 나타난 구원의 문제
2005,상보적 사유: 토니 모리슨의 인식 체계 고찰
2005,사범대학 영어교육과 교육과정의 분석과 제안
2005,영어 읽기능력 향상을 위한 제안: 형태에 초점을 맞춘 교수를 통한 구문지도
2005,현대영미시의 시각화에 대하여
2005,교사용 CD-ROM 타이틀을 활용한 영어 학습책략 지도의 효과
2005,자동차 이름에 대한 언어학적 고찰
2005,Feedback on L2 Writing : The Use of Collaborative Web-based Bulletin Board
2005,고대그리스 계통발생과정에서 본 “라깡의 주체형성 과정”: 장르발생과정을 중심으로
2005,내재적으로 유도된 동작 동사의 결과문에 대한 의미제약
2005,Deconstructing Critical Classification of Dramatic Genres in Shakespeare
2005,고대영어 V2 이동에 관한 연구
2005,The Effect of Textual Enhancement for Developing English Determiners: The Role of Meta-Awareness
2005,August Wilson의 The Piano Lesson: 엑소시즘에 의한 통합
2005,맥신 홍 킹스턴의 『여인무사』: 도전적 응시
2005,비평적 읽기활동을 통해서 본 한국 EFL 대학생들의 텍스트에 대한 의미협상에 관한 연구
2005,Giftedness in General and Verbal Giftedness
2005,The Interaction between Complex Predicates and Verb Argument Structures
2005,The Politics of Eating in Margaret Atwood’s The Edible Woman
2005,Intervention Effects and Peripheral Structures in Tough Varieties
2005,"Revolution Reverberated in Romantic Discourse of Blake, Wordsworth and Coleridge"
2005,『노스트로모』 : 물질적 이상주의의 역설
2005,The Agamemnon Myth of the Curse in Shepard’s Curse of the Starving Class
2005,블레이크와 예언적 글쓰기
2005,Seamus Heaney’s ‘Hybrid Strategy’ in the Postcolonial Context
2005,은유표현의 풀어서 번역하기 방식이 SL과 TL 의 맥락효과에 미치는 영향-적합성 이론의 관점에서
2005,보드리야르의 시뮬레이션 이론으로 비즈너의 동물 담론 읽기
2005,영어 생략구문에서의 이동과 생략의 상호작용: 생략에 의한 개선 효과를 중심으로
2005,한국고등학생들의 영작능력실태 및 영작능력신장 방안 연구
2005,헤밍웨이의 아프리카: 미국적 이념의 재생 공간
2005,What's Happening in an ESL Student's EAP Reading after Passing the Threshold?
2005,Cognitive Effects of Wh-clefts
2005,‘Caki' Revisited
2005,교양영어 강의평가도구의 현장 응용 사례 연구
2005,라킨의 최근 비평 바로 읽기
2005,S. T. 콜리지 비평의 대화적 접근 시론-『문학평전』을 경험론적 시각에서 다시 읽기
2005,탈식민주의적 관점에서 조망해 본 Toni Morrison 작품 연구 - The Bluest Eye와 Beloved를 중심으로-
2005,그레엄 그린과 아이리스 머독: 인간을 위한 율법
2005,ICT를 활용한 고등학교 영어회화 교수.학습의 효과
2005,대학생의 영어 듣기이해도 평가
2005,이창래의『네이티브 스피커』와『제스츄어 인생』에 나타난 등장인물의 존재의식과 정체성
2005,『유럽: 예언』과 “여성 의지”
2005,중학교 영어 교과서에 나타난 모음 분석: 한국어 모음과 비교하여
2005,『파리 대왕』: 모더니즘의 재현
2005,『그들의 눈은 신을 보고 있었다』에서의 자아탐구
2005,A Study on Death in Doris Lessing's Novels with Special Reference to Erich Neumann's Theory of the Terrible Mother Archetype
2005,미국 남부문학과 테네시 윌리엄즈
2005,중간동사구문 형성 동사에 대한 제약과 비명시 논항에 대한 고찰
2005,e-Learning 영어 교수-학습 설계 모형 개발에 관한 연구
2005,커뮤니케이션에 있어 영어공손표현
2005,Nature and Society in Early American Poetry
2005,미국 포스트모던 소설에 나타난 사회풍자적 요소: [49호 품목의 경매]와 [제5도살장]을 중심으로
2005,Prosodic Structure in the Lexicon: The Case of Invisibility
2005,Bound Anaphora and Empirical Problems
2005,"Resistance, Trickster, and Carnival in the West African Novels"
2005,Literary Parody in the Black American: Claude McKay
2005,시적 주체의 ‘문제화’: ‘극적 독백’과 [J. 앨프리드 프루프록의 사랑 노래]
2005,Puppets in Wyndham Lewis’s The Complete Wild Body and Snooty Baronet
2006,영어교육과의 교과과정에 대한 새로운 방향제시
2006,영어 자유부가어구문 분석
2006,감응이론에 의한 영어의 보상적 장음화
2006,중의적인 영어문장들에 대한 한국인들의 운율사용에 관한 연구: 부정어와 초점부사의 영향권을 중심으로
2006,History as a Narrative Category in Fredric Jameson
2006,"샐린저의 시모어 ‘공인’ 만들기 서술전략:『바나나피쉬에게 완벽한 날』과 『목수들아, 대들보를 높이 올려라』를 중심으로"
2006,안젤라 카터의 전복적 글쓰기 『유혈의 방』을 중심으로
2006,헤밍웨이 작품 속 주인공 닉 아담스
2006,The Dialogical Richness and Complex Intertextuality of Buchi Emecheta’s Novels
2006,『10 1/2장으로 쓴 세계 역사』에 나타난 역사와 허구
2006,블레이크와 결혼의 문제
2006,영어수업에서 미국문화 교육에 대한 대학생들의 인식과 한.미 문화인식에 미친 영향
2006,스토파드의 셰익스피어 다시 쓰기/읽기
2006,『진지함의 중요성』에 나타난 이상적인 삶
2006,A Feminist Critique of Edward Albee’s Who’s Afraid of Virginia Woolf?: Sexual Politics and Language as Power
2006,"Double-Consciousness, Signifying and Trickster Tradition in Suzan-Lori Parks’s Topdog/Underdog"
2006,How Should We Teach Subject in Secondary Schools?
2006,낭만주의 시대의 급진적 성담론과 블레이크
2006,유진 오닐의 극에서 신화적 이미지를 가진 여성인물들의 실체
2006,공 운용자 이동과 제자리 Wh-구
2006,Rethinking Baudrillardian Postmodernism: The Loss of the Real in Twenty-first Century Culture
2006,"폴 마샬의 『미망인을 위한 찬가』－ 전설, 제례, 기억을 통한 재생"
2006,헤밍웨이 작품 속에 나타난 여성상
2006,일원론적 인식 틀과 “감수성의 통합”－낭만주의 전통에서 본 엘리엇
2006,친숙한 동화와의 낯선 만남 －루이스 캐롤의 『이상한 나라의 앨리스』－
2006,Superficiality of Broca’s Aphasia in Some Anomalous Utterances
2006,“Potent Ambiguities” and “Life Outside the Text” in Buchi Emecheta’s Fiction
2006,거짓된 신들과 말재주부리는 제니 : 『그들은 신을 응시하고 있었다』를 중심으로
2006,20세기 초 미국소설에 나타난 자본과 폭력의 양상:『맥티그』와 『메뚜기의 하루』 비교 연구
2006,자기평가를 통한 영어학습 자율성의 향상
2006,한국인 EFL 학습자들과 미국인들의 칭찬 및 응답 화행에 대한 연구
2006,초등 영어 장기 심화 연수 프로그램 개발을 위한 요구 조사 분석 
2006,대학 교양영어의 환경적 요인들에 대한 학습자들의 인식
2006,문학의 탈신비화와 저항적 자아
2006,Against Semantic Derivation of DOR Effects
2006,들뢰즈의 얼굴-언어와 얼굴 탈영토화
2006,『희작』에 나타난 변형적 교류
2006,The Acquisition of Wh/Every Interaction by Korean Children
2006,Semantic Differences between Null Pronouns and Overt Pronouns
2006,집으로 바꾸어 그려 본 핀터 극
2006,한국어 모국어 화자의 영어 자음 습득 난이도
2006,핵 후행언어 학습자의 영어 관계절 구문 습득에 대한 연구
2006,용서와 초월: 예이츠의 『쿠훌린의 죽음』 주제 연구
2006,환유와 제유
2006,정체 탐구: 유진 오닐의 희곡 읽기
2006,영어 /r/의 음성.음운론적 분석과 발음 지도
2006,Slaughterhouse-Five에 나타난 메타픽션과 과학소설 기법
2006,A Sociolinguistic Approach to Foreign Language Teaching:Techniques for teaching culture
2006,Fantasy Literature in English Literary Education:Images of Schooling and Adult
2006,The Existence of Anxiety in a Receptive Skill of English Learning
2006,로버트 브라우닝의 기독교 신앙 탐색 -『파라셀서스』를 중심으로-
2006,PRO의 이동분석과 비이동분석
2006,불완전 탐색자와 다중일치
2006,문화간 스크립트의 전형성에 관한 고찰: 한.미초등학생들을 대상으로
2006,인지문법에서의 영어 사역구문의 행위자성과 사실성
2006,"아프리카계 미국소설에 나타난 억눌린 이산종교의 회귀: 찰스 체스넛, 조라 닐 허스턴, 토니 모리슨, 이슈마엘 리드, 글로리아 네일러의 작품을 중심으로"
2006,Ecological Imagination in The Grapes of Wrath and Pynchon’s Vineland
2006,RNR구문에서 공유요소들의 재구성
2006,A Language Processing Account of Prefix/Suffix Asymmetry in English
2006,The Father-Daughter Relationship in Thomas Hardy’s The Woodlanders
2006,핀터의 『알래스카 같은 곳』의 폐쇄공간과 여성
2006,현장 친화적 ESP 교육과정 개발을 위한 모형 연구
2006,영어의 소절 연구
2006,자아 혼돈과 수용의 과정 : 『허공에 매달린 사나이』를 중심으로
2006,Rethinking the History of Psychoanalysis in The White Hotel by D. M. Thomas: from the Treatment of What Is Visible  to the Recognition of What Is Inside 
2006,시성의 패러디로서의 『시성』
2006,『모비딕』에 나타난 초월주의와 그 특징
2007,영어 말하기 평가의 채점과정 연구
2007,Phase Penetration and L2 Korean Relative Clauses: A Proposal against the Structural Distance Hypothesis
2007,주제 전개방식 관점에서 본 영어단락의 일관성 지도
2007,도가철학에서 본 『겨울 이야기』의 시간과 질서
2007,Remarks on Depictive Predication in English
2007,The Roles of Prepositional Phrases in Argument Structure Alternations
2007,Collision of Genres: Three Perspectives on Pamela
2007,루시디의 정치소설에 나타난 담론과 윤리의 양상
2007,본드의 『리어』와 셰익스피어 쓰기
2007,쓰기 연습 유형이 동사패턴이 들어간 영어문장 산출 능력 습득에 미치는 영향
2007,중등 영어교사 임용고사의 출제문항 내용분석
2007,Factors Affecting the Fluctuation of Speakers’ Excitement in L2 Communication
2007,The English Dative Verbs vs. the Korean Dative Serial Verb Constructions
2007,아일랜드 현대 문학에 나타난 대 기근: 제임스 클라렌스 망간으로부터 셰무스 히니까지
2007,"언어, 정체성, 장르의 경계 넘기: 차학경의 『딕테』"
2007,영어 결과문의 구조적 접근
2007,‘노동’과 ‘마법’의 상호작용에 대한 로버트 프로스트의 관점
2007,Campbellian Quester in Synge’s The Playboy of the Western World
2007,반복과 반전의 극적구조: 『코리오레이너스』의 결말을 중심으로
2007,멀티미디어를 활용한 초등영어 교수/학습 모형
2007,한국인 영어화자들의 수정구조에 대한 대화분석적 접근
2007,John Donne’s Theological Ambivalence
2007,『아카디아』에 나타난 스토파드의 세계관
2007,세상을 보는 눈:『명사수 딕』에 투영된 문명의 위기와 현실인식
2007,『시편 9』의 의미 -에즈러 파운드와 템피오 말라테스티아노-
2007,Pre-service Teachers’ Perceptions of World Englishes: Implications for Teacher Training
2007,ESL학습자의 어휘학습전략이 어휘 및 독해능력에 끼치는 영향
2007,초등학생 영어체험캠프 사례연구
2007,Perception of Stop-Nasal Sequences by Korean Learners of English:An Optimality Theoretic Approach
2007,헤밍웨이 작품 속의 기독교 상징성 연구
2007,영어 굴절의 변화와 수동문의 발달 연구
2007,Rewriting the Home:Greta’s Journey through Space and Time in After Easter
2007,에즈라 파운드 초기시의 발전과정연구 -변신을 주제로 한 두 시의 비교를 중심으로-
2007,죤 애쉬베리의 일관성 패러디
2007,The Serial Verb Construction and Constructional Polysemy
2007,실제자료를 이용한 듣기책략 훈련이 듣기이해에 미치는 영향
2007,들뢰즈의 연극론
2007,A Study on Verbally Gifted Education
2007,『드넓은 사가소 바다』 연구 : ‘사가소 바다’의 순환구조와 서사의 순환구조
2007,"필립 라킨: 여성혐오주의자인가, 예술의 사제인가?"
2007,초월의식을 통한 이중적인 삶의 통합 - 버나드 맬러머드의 『더빈의 인생 』 -
2007,후기 자본주의의 문화 논리 비판
2007,"영어 활음, 반모음, 이중모음에 대한 음성 및 음운적 재고"
2007,영어 관계절의 습득: 한국인 EFL 학습자에 대한 연구
2007,고등학교 2학년 영어Ⅰ 교과서 독해 지문의 소재에 대한 학생과 교사의 읽기 흥미도 분석
2007,‘나쁜 년들’의 숨겨진 역사-한국계 미군 아내들의 50년 시집살이-
2007,"Sloppy Identity, VP Ellipsis, and Null Anaphora"
2007,자연과 여성의 정체성 찾기 : 마가렛 앳우드의 『떠오르기』연구 -에코페미니즘적 접근을 중심으로
2007,생명력의 관점으로 본 『바바라 소령』
2007,DP의 국면성에 대하여
2007,"As I Lay Dying: 욕망, 관습, 분노의 여정"
2007,The Acquisition of Null Prep Constructions and the Missing Surface Inflection Hypothesis
2007,윌리엄 워즈워스의『서곡』에 나타난 서사시의 관행과 문학적 전통
2007,인터뷰 평가에서 면접관 발화연구
2007,광고언어에 나타난 외래어 사용에 대한 언어학적 접근
2007,톰 스토파드의 ‘사이’ 공간의 무대 미학: 『로젠크란츠와 길던스턴은 죽었다』를 중심으로
2007,G. M. 홉킨스와 성사 시학
2007,공간차원 표현의 결합 양상: 영어와 불어의 차원표현을 중심으로
2007,존 스타인벡의 인간과 자연에 대한 문화대비적 인식:『찰리와 함께 한 여행』
2007,"Unfinished War against Whites: Sherman Alexie's Use of Humor, Wit, and Imagination in The Lone Ranger and Tonto Fistfight in Heaven"
2007,부정문 “I not say” 연구
2007,Against Adjunct Analyses of the Secondary Argument in the Double Object Construction and the Oblique Dative Construction
2007,Why Is It Difficult To Teach English Subjunctive?
2007,Case Licensing of the ECMed Nominal by a Light Verb
2007,비교방법론을 활용한 구성주의 교육법: 미 드라마와 영상 수업 사례
2007,영어에서 교체형 구문은 왜 존재하는가?
2007,"Quantifiers, Pronouns, and a Bound Variable Interpretation"
2007,교육문법의 관점에서 본 조동사 will의 기술
2007,『은총』의 서사전략
2007,An Inquiry into Korean Students’ Learning Experiences Related to the ESL Curriculum in the United States
2008,초등영어 교육에 적용한 장르중심적 쓰기 활동에 대한 연구
2008,『오만과 편견』에 나타난 아이러니의 양상
2008,Changes in Anxiety and Motivation in a Content-Based Intensive English Program
2008,Phonological Implication of [r]-intrusion in Non-rhotic English
2008,『가장 푸른 눈』: 흑인성 상실의 문제
2008,"도리스 레싱의 『다시, 사랑에 빠지다』: 사랑과 죽음의 경험과 영적 성숙"
2008,영어 음운 습득에서의 과일반화와 발화 습득의 초기 상태
2008,동사의 보충어에 따른 영어 문형 연구
2008,그림 사전 만들기 활동을 통한 초등영어 명시적 어휘 지도의 효율성 분석
2008,"흑인 여성의 몸, 폭력, 그리고 희생자의 윤리: 토니 모리슨의 『빌러비드』"
2008,문학과 철학적 담론으로서의 ‘가능 세계’ -『유토피아』와 『걸리버 여행기』를 중심으로-
2008,"멀티미디어를 활용한 수준별 초등영어 수업활동 개발 연구: 5, 6학년 내용을 중심으로"
2008,낭만적 이상주의의 끝에서: 포스터의 『하워즈 엔드』
2008,Distributive and Collective Readings in a Conjunct NP Antecedent
2008,Wh-의문문에서의 do-삽입에 관한 연구
2008,회생대명사의 인허에 대하여
2008,한국 대학생 영어 중간언어의 사과화행 분석 및 적합도 평가
2008,매체 변화에 따른 미학적 경험과 감수성의 변화 고찰: 버크와 료타르의 ‘숭고’를 중심으로
2008,The Interrelationship between Reading Strategies and L2 Learners’ Proficiency
2008,초등학교 영어 학습자의 영어와 한국어 스토리텔링 구조 비교분석 연구
2008,홉킨스의 자연시 생태론적 읽기
2008,양화사 인상과 자율통사론
2008,Lady Macbeth and the Reversal of Gender Roles
2008,헤밍웨이 작품속의 역동성 연구
2008,Quirky Binding in the Object-Subject Construction and its Semantics
2008,한.중 중학생의 영어학습전략 사용에 관한 비교 연구
2008,형태소어기이론과 단어어기이론에 대한 비교연구
2008,Exceptionality in Optimality Theory: Implication from umlaut in English and German plural formation
2008,Production of Coronal Stop-Lateral Sequences by Korean Learners of English: A Constraint-Based Account
2008,The Effect of Textual Enhancement on the Performance during Online Chat
2008,T. S. Eliot’s Poetry of the First Voice:A Revision of the Dramatic Monologue
2008,Duration of a Sequence of /s/ and a Stop Sound in the Onset of English
2008,A Correspondence Theoretic Approach to Korean Coda Neutralization
2008,토니 모리슨의 『타르 베이비』: 온전한 생존의 탐색
2008,A Corpus-based investigation into Korean Learners' spoken vocabulary use
2008,영어에서의 죽음의 은유적 개념화
2008,복합서사의 미학: 윌리엄 포크너의 『팔월의 빛』
2008,한국인 영어학습자들의 타자수정조직에서의 질문-응답에 대한 연구
2008,A Look at the Acquisition of Relative Clause Equivalents in L2 English
2008,"Phase, Spell-Out and Syntactic Derivations"
2008,영어 교수 수단으로서의 번역의 유용성에 대한 연구
2008,캐서린 맨스필드의 「천상의 기쁨」: 성적욕망의 주체적 발현과 여성적 글쓰기
2008,루이스 캐럴의 『이상한 나라의 앨리스』에 나타난 ‘세계상’의 와해
2008,A Study of Korean EFL Speakers' understanding of Conversational Implicatures
2008,넬라 라슨의 『패싱』에 나타난 모더니즘적 요소
2008,시치료의 시각으로 본 『A. H. H.를 추모하며』
2008,Reconsideration of the Development of Rating Criteria in Operational Language Testing Contexts
2008,Preliminary Algorithms for Resolving Pronoun Interpretation in the Monologue Discourse
2008,『허조그』에 나타난 사랑과 수용의 미학
2008,"On Dionysian 'Reality' and Cosmic Cruelty in F. Nietzsche’s The Birth of Tragedy, Antonin Artaud’s ‘Theatre of Cruelty’ and D. H. Lawrence’s Mexican Myth"
2008,『솔로몬의 노래』: 남부와 흑인성으로의 귀속
2008,에즈라 파운드의 초기시에 나타난 작가와 독자의 관계
2008,On So-Called Pseudo-Resultative Predicates
2008,좌옹 윤치호의 영어 일기 분석
2008,마크 트웨인의 감상적 낭만주의 비판
2008,Poe's ＂Thingum Bob＂ and Its Historical Context
2008,Why Output? : Theoretical Claims and Empirical Evidence in SLA
2008,What Maisie Knew: The Language of Silence as Knowledge and Sexuality
2008,『진짜』: 변형적교류와 상호텍스트성
2008,예비영어교사의 교육실습과정이 교사로서의 자질 습득과 신념에 미치는 영향
2008,『느릅나무 밑의 욕망』의 여성적 글 읽기: “알래스카 같은 곳”
2008,"『서곡』에 나타난 윌리엄 워즈워스의 서사시적 숭엄: 누른도요, 갈가마귀의 알, 보트 훔치기의 일화"
2008,영어 지각동사 보문의 통사적 구조
2008,로렌스 올리비에와 케네스 브라나의 『헨리 5세』에 나타난 메타시네마적 요소: 메타드라마에서 메타시네마로
2008,An Apology for Mocking Birds in D. M. Thomas’ Swallow
2008,Motivation vs. Investment in English in an Academic Context
2008,고대영어 부정사 고찰
2008,파운드의 신플라톤주의—근원으로의 회귀
2009,원혼의 해원: 토니 모리슨의 『빌러비드』와 황석영의 『손님』
2009,한국 대학생 영어의 거절화행 연구
2009,「영원불멸의 노래」와 「절망의 노래」—워즈워드와 콜리지의 삶과 사랑과 시
2009,혼란의 극복과 이상향의 추구 - 보네것의 주요작품을 중심으로-
2009,대학생들의 문자채팅을 활용한 읽기 전 활동이 영어 읽기 성취도에 미치는 효과
2009,"Irving, Poe, and “The Man of the Crowd”"
2009,Scrambling from Head-internal Relative Clauses
2009,『49호 품목의 경매』에서 에디파의 기다림의 의미
2009,인문치료로 본 예이츠의 후기 시
2009,『유리 동물원』의 내러팀 연구
2009,A Syntactic Account of the Varying Effects of Recasts
2009,"Pronouns, Reflexives, and Sloppy Identity"
2009,『제일 파란 눈』: 인종적 수치심의 전승과정에 관한 고찰
2009,John Donne: The Metaphysical Preacher
2009,"비상으로부터 상실, 긍정과 조화로움으로의 변화에 이르는 흑인이데올로기: 『솔로몬의 노래』의 밀크맨의 변화를 중심으로"
2009,Explicit Knowledge of Rules and Accuracy in Using English Articles
2009,『투사 삼손』과 멜포미니의 역할
2009,Teacher and Student Perceptions of New English Language Education Policy
2009,영어 명사형 접사의 생산성 연구
2009,『출옥』에 나타난 여주인공의 주체적인 자아 찾기
2009,Remarks on CT and COT for Discourse Anaphora Resolution
2009,윌리엄즈 극에 나타난 욕망의 파괴성
2009,『하워즈 엔드』: 통합적 비전의 우의적 재현
2009,[원어민]에 나타난 미국 다문화주의 비판
2009,The Role of Input Frequency in the Acquisition of Numeral Classifiers by Korean Children
2009,『실낙원』 연구: 인본주의적 영웅으로서의 아담을 중심으로
2009,밀턴의 『그리스도 성탄 송시』에 대한 풍자시로서 블레이크의 예언시 『유럽』
2009,음소연속체 빈도가 비단어의 단어성 판단에 미치는 효과에 관한 연구
2009,새로운 문화담론으로서의 초국가주의
2009,어린이 영자 신문을 활용한 초등영어 읽기 지도의 효과
2009,엘리엇의 시: 기표의 좌절과 극복 -없음과 있음의 미학-
2009,Analysis of Korean NEG-Morphemes in Terms of Transitivity
2009,논리적인 연애: 존 단의 시
2009,『서정시집』: 시인의 이상과 시대적 요구
2009,하디 소설의 영화적 내러티브 테크닉
2009,"“우리의 검둥이”의 글쓰기: 흑백인간의 결혼, 가정폭력, 그리고 모성성"
2009,영어 운율읽기와 영어 듣기 능력과의 상관관계 조사
2009,형태에 초점을 맞춘 교수가 동사패턴의 부수적 학습에 미치는 영향
2009,"들뢰즈의 기호체제와 권력의 얼굴, 그리고 『햄릿』"
2009,Accounting for Variability in EFL Learners’ Grammars: Verb Placement and Agreement Marking
2009,Writing and Grammar
2009,여행기에 나타난 ‘문화번역’: 스태드만의 『수리남 탐험기』를 중심으로
2009,탐정 소설의 기괴하고 숭고한 대상: 포우의 「군중 속의 그 사람」 과 「도둑맞은 편지」를 중심으로
2009,『올비언의 딸들의 비전』에 나타난 성 역할의 문제
2009,"죽음에 대한 비교연구: 말로우, 던, 디킨슨, 로렌스를 중심으로"
2009,로버트 로월의 「스컹크의 시간」에 나타난 실존적 갈등과 극복
2009,『마로윗츠 햄릿』에 나타난 셰익스피어 플롯의 구조적 변주
2009,『버드나무에 부는 바람』에서의 트릭스터: 중산층 가치의 재확인
2009,코퍼스를 활용한 영어 어휘 학습의 효과 연구
2009,Insertion Preferred to Deletion in Learner Speech: A Study of Korean English
2009,제의적 관점으로 다시 본 쏜톤 와일더의 [우리 읍내]
2009,홉킨스 시의 생태론적 변전
2009,Against the PF Movement Approach to Rightward Movement
2009,데릭 월콧의 생태 비평적 문제의식―카리브의 식민화된 자연과 역사—
2009,“몽상가”와 “시인”의 차이: 『성 아그네스제 전야』의 경우
2009,Applying Audio/Video Data Processing Programs for the Improvement of English Listening Proficiency of Adult EFL Learners
2009,J. M. 쿳시의『추락』: 인종주의 공간에서 서술되는 윤리적 딜레마의 수사학
2009,OT-CC에 의한 영어의 구개음화
2009,Subject Raising vs. Non-Subject Raising
2009,B » PREC의 비범어성: 영어 음운습득 사례의 후보연쇄 최적성 이론적 분석을 중심으로
2009,조셉 콘라드의 상징 기법을 통한 “보게 하기”
2009,Teaching Multiliteracies by Means of Postmodern Picture Books: A Case Study of Two Summer Camps
2009,Can the Literary Speak? Institutionalization and Radicalism in Contemporary Postcolonial Criticism
2009,이언 매큐언의 [지속적인 사랑]에 나타난 사랑 대한 연구
2009,대학생을 위한 영어집중캠프에 대한 참여 학생의 학습기대와 참여효과에 관한 조사
2009,A Cognitive-Semantic Account for English Particles
2009,A Confusion of Functions or an Economy? -A Diachronic Study of the English Present Participle-
2009,어거스트 윌슨 : 탈식민주의적 읽기
2009,Surveys on L2 Readers' Perspectives on L2 Reading Competence at Developmental Stages
2009,『오셀로』의 비극적 요인: 타인종에 대한 편견
2009,쿠훌린극으로서 『디어드라』 읽기
2009,『순례의 섬』에 나타난 죄의식과 예술가로의 비상
2009,How Conservative Should School Grammar Be?
2009,로버트 로월의 『인생연구』에 나타난 희극적 상황
2009,Cartesian Philosophy and the Beckettian Subject
2009,『사춘기』에 나타난 헨리 제임스의 사회비평
2010,영어동사 활용에 관한 오류분석: 한국 지방대학교의 사례연구
2010,영어 결과문의 인과관계
2010,Is There Local Conjunction?
2010,테니슨의 『시편들』 연구: 시인과 시대
2010,외국어 학습전략과 학업성취도의 관계
2010,코퍼스를 활용한 영작문 문법오류 피드백의 효과에 관한 사례 연구
2010,온라인 프로젝트 과제를 활용한 영어회화 수업에 관한 연구
2010,"클로드 맥케이와 흑인 이산 —""할렘의 그림자들""을 중심으로"
2010,영어 비모국어 화자의 외국인 액센트 지각에 미치는 어휘 효과: 언어 숙달도와의 상호작용을 중심으로
2010,도리스 레싱의 『다섯째 아이』에 나타난 가족 트라우마
2010,아메리칸 드림의 재현 방식: 피츠제럴드의 『위대한 개츠비』와 웨스트의 『미스 론리하츠』 연구
2010,은유해석모델
2010,Tense and Negation in Tenseless Verbal Conjunctions in Korean
2010,Logophors and Discourse Participants
2010,“The Problem of Describing” in Robert Hass’s Time and Materials
2010,Reading Strategy Instruction and Reading Comprehension of Middle School Students
2010,The Origin of Do-Support and Parameter-Resetting
2010,Technical-business English Syllabus Design Based on Needs Analysis of Teachers and Students
2010,The Syntactic Status of Kes in Korean Head-internal Relative Clauses
2010,"욕망하는 식물과 ""나의 안토니아""에 나타난 생태학적 담론 연구"
2010,Ovidian Narrative and Shakespeare’s Subversion of the Genre
2010,On the Derivational Ambiguity of Cleft Constructions in English
2010,"사라 케인의 현대 주체와 트라우마 -""페드라의 사랑""을 중심으로-"
2010,FLint수업관찰 분석법을 통한 예비 영어교사의 수업시연 활동에 관한 연구
2010,명시적․암시적 연어 지도가 학습자들의 수용적․표현적 연어 지식 습득에 미치는 영향
2010,영어 은유적 합성명사의 의미 양상에 관한 연구
2010,A Study of Head Acts and Perspectives on Request in CSAT
2010,영어 결과문 의 병치제약
2010,오 개척자여!: 생태학 코드 다시 읽기
2010,"허조그에서 주인공의 소외, 인식, 재생"
2010,Ku as a Demonstrative
2010,“Pittsburghese” 영어 /aw/ 단모음화의 사회적 의미와 음운체계
2010,Interaction Patterns in Joint Editing Output Tasks and the Learning Outcomes
2010,로렌스의 사유-모험연구: 들뢰즈의 초월적 경험론을 중심으로
2010,Two Types of L1 Palatalization in L2: A Constraint-based Approach
2010,Speech Act Performatives Implied in the Narrative Discourse
2010,Charles Dickens and Modernity -Based on Major Novels
2010,「크리스타벨」 연구: 콜리지의 자의식적 악의 문제
2010,Context Effects in Reading English Nonwords
2010,아동문학과 생태비평
2010,면담조사를 통한 EPIK제도의 운영 분석과 개선방향 모색
2010,PRO vs. Equi-DP
2010,Uniformity between Dependent Plurals and Anti-quantifiers
2010,로버트 프로스트 시에서의 숲의 의미
2010,A Cognitive-semantic Approach to the Non-temporal Meanings of English Past Tense
2010,Kes Anaphora
2010,미국 드라마 수업에 연기법 활용하기: 우타 하겐의 자기 역할 파악의 단계를 중심으로
2010,번역전략이 비즈니스영어 학습에 미치는 효과
2010,The Emergence of the Neo-American: Communication Anxiety in Native Speaker
2010,「세 개의 무덤」과 『백설공주』 비교연구: 오이디푸스적 갈등의 문제를 중심으로
2010,What Do College English Teachers Really Care about Classroom Assessment?
2010,Byron’s Marino Faliero: The Conflict between Willpowers in Venetian Society
2010,The Role of Topicality in Subject Selection
2010,『백색소음』의 환경비평적 읽기: 죽음의 패러노이아를 중심으로
2010,국내영어집중캠프 참여가 우리나라 대학생의 영어 능력과 학습태도에 미치는 영향
2010,What’s the Problem in Teaching English Writing in Secondary Level?
2010,Uniformity of Secondary Stress Placement on Two Pretonic Syllables in English
2010,고유 명칭에 대한 기술 이론의 역사적 논쟁 고찰
2010,최근 아시아계 미국여성의 정체성: 킴 웡 켈트너의 『골고루 갖춘 딤섬』과 캐롤라인 황의 『활짝 피다』를 중심으로
2010,Investigating the Relationship between L2 Parsing Skills and L2 Reading Fluency
2010,교육문법을 위한 ‘will’과 ‘be going to’의 비교
2010,초등학교 교사 및 학습자의 영문법교육에 대한 인식 분석
2010,Investigating Professional Language Needs for ESP Courses in Tertiary Education
2010,On the Passive of Double Object Constructions in English
2010,한국어 화자의 영어분절음 길이에 대한 음향적 분석: 한국학생과 미국학생의 비교
2010,Learners’ Internal Variations Affecting Language Learning
2010,초등 영어체험교실 운영 실태 분석을 통한 활성화 방안 모색
2010,The Androgynous Poet as an Epic Hero: The “I” in Wordsworth’s The Prelude
2010,미완의 신화
2010,Changes in the Representation of Heroines: Australian Women’s Writings from the 1880s～1990s
2010,"압살롬, 압살롬의 생태비평적 읽기: 환경과 인종의 문제"
2010,L2 Writing and Vocabulary Development: A Comparison of Lexical Quality Across Written Compositions with Different Planning Activities
2010,영국 낭만주의 시의 형식 비평 연구
2010,최적성 이론에 의한 한국어-영어 음운문법 전이 오류 분석: 비음화와 유음화 현상을 중심으로
2010,‘우머니즘’ 재조명: 엘리스 워커의 주요 등장인물들의 연구를 통해
2010,“Under Afflictions”: Articulating Bereavement and Distress in The Wife’s Lament and The Riming Poem
2010,L1 Interpretation Strategies of English and Korean Speakers and L2 Interpretation Strategies of English-speaking Learners of Korean
2011,Korean ESL Students’ Unfulfilled Expectations in an English-Speaking Country
2011,A Pragmatic-Functional Account for Passive Constructions in Discourse
2011,캐릴 처칠의 『클라우드 나인』과 『비네거 톰』에 사용된 장소의 중요성
2011,Woman’s Veil and Male Gaze: Conflicts of Conventional and Unconventional Womanhood in Nathaniel Hawthorne’s The Blithedale Romance
2011,프리엘의 극에 등장하는 미국인을 통해 본 포스트콜로니얼 아일랜드의 정체성과 분열된 자아
2011,『오늘을 잡아라』에 나타난 아이러니 양상
2011,불교의 ‘무아’에 비추어 본 휘트먼의 ‘자아’
2011,"The Middle Class, Boredom and Violence: Reading J. G. Ballard’s Suburban Disaster Quartet of Cocaine Nights, Super-Cannes, Millennium People and Kingdom Come"
2011,A Corpus-based Analysis of Clause Ordering in English Complex Sentences
2011,The Plug-in Approach to the Variable Behavior and the Causal Relation Constraint
2011,아동문학에 나타난 환경디스토피아
2011,영어와 한국어의 능격 동사 비교
2011,Null Arguments
2011,Bakhtin’s View on Language and Discourse and Its Implications for ESL Students’ English Writing
2011,블레이크의 반계율주의와 용서
2011,The Paradoxical Self-Rebirth and the Ethics of Love in Frankenstein
2011,The Pragmatic Solution to the Readings of Donkey Sentences
2011,『육지에 갇혀서』에 나타난 수피즘의 요소
2011,창조적 힘의 회복으로서의 주체적 글쓰기 - 에밀리 디킨슨의 시와 수잔 글래스펠의 극 『가장자리』를 중심으로 -
2011,A Cognitive-Functional Account for Relative Clauses in Discourse
2011,A Study on Opacity in OT
2011,Rhetorical Structure and Directives in L2 Writing: A Genre Analysis of Request Letters
2011,“I have lived to make me what I choose to be”: Joe Christmas Raced in William Faulkner’s Light in August
2011,The Differences of Cerebral Response to the Korean and English Word Stimuli
2011,Overlapping Reference and the So-called Plural Suffix Tul
2011,『햄릿』의 광대놀이를 통한 연극적 은유
2011,음운문법의 수의성과 전이 양상에 대한 최적성 이론적 분석: 한국어 화자의 영어와 한국어 비음-유음 연쇄 발음을 중심으로
2011,The Portrayal of Korean Americans in Hollywood Films
2011,흑인 역사 다시 쓰기: 앨리스 워커의 『그렌지 코우프랜드의 제3의 인생』을 중심으로
2011,『줄리어스 시저』에 나타난 설득 기술
2011,「이블린」의 라캉적 글읽기
2011,A Capitalist State of Exception in David Milch’s Deadwood
2011,Two Types of Floated Quantifiers
2011,영어 부정의 유형과 의미
2011,로버트 프로스트 시에 나타난 개념적 혼성이론 연구
2011,"유의어 Say와 Tell에 대한 분석: 고등학교 교과서와 평가, 학생을 중심으로"
2011,Representation on the Diachronic Change of English kn-cluster in Optimality Theory
2011,Passing and Racism in Charles Chesnutt’s The House Behind the Cedars
2011,영어 수동구문의 용법과 의미 분석 -중학교 영어 교재를 중심으로-
2011,Collectivity vs. Distributivity of Kes
2011,영어의 전이음에 관한 연구
2011,“실제 전쟁” 사진 찍기: 월트 휘트먼과 남북전쟁
2011,W. B. 예이츠의 후기 시와 신체중심 신인간주의 - 과 를 포월하기 -
2011,"Donne, Calvin, and Massa Damnata"
2011,Long-distance Assimilation in Optimality Theory
2011,자기주도적 학습 측면에서 초등영어 학생용 CD-ROM 분석 연구
2011,Bare Plural Objects in English
2011,수업 비평문에 나타난 초등영어 예비교사들의 교육적 안목 탐색
2011,문학작품 중심의 문해활동이 초등학생의 영어 읽기와 쓰기능력에 미치는 영향
2011,『이자벨라』에 투영된 키츠의 현실 인식과 시 쓰기
2011,토니 모리슨의 『사랑』에 나타난 흑인 조상의 역할
2011,전장에서 쓴 서정시: 에드워드 토마스
2011,초등학교에서의 영어원어민 교사와의 효과적인 협동수업: 우수학교 사례 중심으로
2011,TOEIC 듣기평가에서 대학생 영어학습자가 사용한 듣기전략
2011,"The Temporality of the Late Arrival: Fanon, Trenka, and the Question of Returning"
2011,Using Word Association Tests to Explore Korean EFL Learners’ Mental Lexicons
2011,Possessing the Fairy Melusina’s “Self-sufficient” Identity in A. S. Byatt’s Possession: A Romance
2011,『여인의 초상』에 대한 현상학적 접근
2011,Cyber University’s Blended Learning Model: Based on Learners’ Hindrance Factors
2011,「톰의 영관」과 G. M. 홉킨스의 사회사상
2011,영어의 애칭명사에 관한 연구
2011,"『주홍글씨』와 『와인즈버그, 오하이오』에 등장하는 패배자들에 관한 연구"
2011,On Modality in English
2011,영어 집중 캠프에 참여한 대학생들의 영어 학습동기와 영어성취도의 상관관계 분석
2011,고등학교 학습자의 영어능숙도 및 인지양식에 따른 코퍼스 활용 영어 문법 수업의 효과
2011,카리브계 여성 교양소설로서 『애니 존』 읽기
2011,The Mystical Body and Feminine Subjectivity in The Book of Margery Kempe
2011,A Study on the Communicative Characteristics of Spontaneous English Speech by Korean Learners of English
2011,해밀턴의 여성 노동자 시
2011,에쿠우스에 나타난 자아연구
2011,찰스 디킨스의 『어려운 시절』에 나타난 아동문학적 요소
2011,워즈워스의 예측불능의 역학
2012,초등 3학년 영어교과서 문화 분석 및 체험중심 문화지도 방안 제언
2012,데이비드 린의 <위대한 유산>연구 -대중소설을 신화적 구성으로-
2012,말하여지지 않은 것과 잊혀진 목소리의 복원: 에드워드 존스의 『알려진 세계』
2012,Processing Account for Missing Arguments
2012,Post-Migrant Subjectivity and Secondary Loss: Amy Tan’s The Joy Luck Club
2012,Agree-based Construal: With Reference to Narrowest C-command Relation
2012,Control and the Linking Theory
2012,Neutralization in English: The Features and Representation
2012,Derivational Approach to Contraction Focusing on Wanna Contraction
2012,Korean L2 Overpassivization of Unaccusative Verbs: Focusing on the Relative Effects of Linguistic and Cognitive Factors
2012,특수목적영어로서의 영어교사 의사소통능력 진단도구 분석: 해외사례를 중심으로
2012,On the Grammaticalization of the English Have Perfect Based on Diachronic Bible Versions
2012,텍스트 유형에 따른 인칭대명사 번역연구
2012,A Phase-based Approach to the Prosodic Pattern of English Intransitive Sentences
2012,바셀미와 카버의 단편소설에 나타난 사회병리성
2012,G. M. 홉킨스의 생태신학
2012,「비잔티움으로의 항행」과 『어쉰의 방황』에서의 새의 이미지
2012,TOEIC 성취도와 듣기전략 사용정도간의 상관관계에 관하여
2012,John Donne’s Of the Progress of the Soul: Unfolding Contemplations on Death and a Spiritual Voyage to the Immortal World
2012,토니 모리슨의 『재즈』: 상실과의 화해
2012,모호함의 정치: 폴라 보글의 『내가 운전을 배운 법』을 중심으로
2012,On Verb-Plus-Particle Constructions in English
2012,샤일록의 타자성
2012,An Analysis of Writing Activities in High School English Textbooks
2012,Is Attitude Included into Theory of Mind?
2012,특수목적영어 개발을 위한 의료현장 요구분석
2012,Wh-scrambling as D-linking Movement
2012,University Students’ Perceptions of English Teachers in Korea: Korean Bilingual Teachers of English and Native English-Speaking Teachers
2012,균형적 문해 접근법이 초등학생들의 저널 쓰기 능력 미치는 영향
2012,요구분석을 근거로 한 개념ㆍ기능 교수요목 설계와 학년별 단원구성의 예—중학교 영어과정을 중심으로—
2012,산티아고의 꿈과 자아실현
2012,『상심의 집』에 나타난 영웅의 여행 신화 읽기
2012,An Analysis of the Acquisition of Korean College Students’ English Split Antecedence
2012,G. M. 홉킨스와 영국 제국주의
2012,「누런 벽지」의 페놉티콘: 얼굴 없는 응시의 광기
2012,맬러머드 와 헤밍웨이 비교연구 —유다이즘과 규범의 관점에서—
2012,A Study on Kurt Vonnegut’s Use of Alter Ego as the Exploration of Narrative Strategy
2012,대학 교양영어의 의사소통 중심의 교육 효과 및 운영 결과 분석
2012,초등영어 읽기 부진아를 위한 교감학습 프로그램 개발 및 적용효과
2012,Korean EFL Learners’ Attitudes toward the Use of CALL and Their Motivations for Learning English in Korea
2012,초등학교 영어교육의 성과에 대한 고찰
2012,Small Clause Predication and the Event Argument
2012,Students’ Perceptions on Dynamic Assessment in a College Speaking Class
2012,Revisiting Wordsworth’s Turncoatism: From Radical Idealism to Conservative Realism
2012,Aesthetic Cosmology and Order in The Tempest
2012,Interrogative Questions  and Rhetorical Questions  in English and Korean
2012,기준위치가설에 의한 EFL 성인학습자들의 WH-구조 운용
2012,A Study on the Development and Implementation of a Task-based ‘English Village’ Program in Korea
2012,Overcoming Learning Difficulties and Learning New Languages
2012,예비 초등 영어교사들의 영작문에 나타난 오류 분석
2012,A Parallel Approach to Palatalization and Spirantization in English
2012,화용론과 영어 공손 표현 -중학교 영어 교재를 중심으로-
2012,The Analysis of the Frequencies of Reflexives: A Corpus-Based Account
2012,Globalized World of Desires: Transnational Representations and Stereotypes in Ruth L. Ozeki’s My Year of Meats
2012,Translation as a Pedagogical Tool for Improving Linguistic Accuracy in Written English
2012,『고함과 분노』와 『위대한 개츠비』에 투영된 시간의 존재와 의미
2012,윌리엄 워즈워스의 『서곡』에 나타난 생태학적 비전
2012,The Effects of Online Community and Online Materials on the Teaching of English in Korea
2012,Harmonic Serialism에 의한 영어의 대모음전이에 관한 연구
2012,두 이탈리아 이브의 죽음
2012,앨리슨 베첼의 『즐거운 집: 한 가족의 희비극』에 나타난 신화 원형 분석
2012,동사이동의 변화와 부정문의 DO-Support
2012,Cancellation of Intervention Effects in the Modal External Negation Context
2012,한국아동의 한정 형용사 배열순서 습득에 관한 연구
2012,아브젝트의 축제:『마음의 범죄』를 중심으로
2012,Narrative Structure and Tense Use in the Narrative Genres of Korean EFL Learners
2012,국어와 영어 결과문
2012,The Poetry of Contact: William Carlos Williams’ Quest for American Mode of Verse
2012,Nasal Place Assimilation in Korean and English
2012,Linguistic Features of English Writing by Korean Study Abroad and At Home Middle School Students
2012,트라우마로 존재하는 어머니/모국 극복하기: 자메이카 킨케이드의 『루시』
2012,영어 발음의 음절 표기
2012,윌러 캐더의 『교수의 집』에 나타난 지역의식과 장소미학
2012,은유와 아이러니
2012,"Narrating a Forgotten World: Exile, Leukemia, and Narrative Desire in Edward Said’s Out of Place"
2013,이창래의 『더 서렌더드』: 집단적 외상 인식과 치유 가능성 모색
2013,On the Demise of the English Be Perfect Based on Diachronic Bible Versions
2013,좌절과 희망 사이: 『거리의 여인 매기』와 『위대한 개츠비』에 나타난 아메리칸 드림의 재현 양상
2013,"Do So Anaphora in English and Korean: With Respect to Depictives, Temporal Adjuncts and ECM Constructions"
2013,"마리나 카의 『더 마이』에 나타난 여성과 기억, 그리고 스토리텔링의 관계"
2013,토익듣기 성취도와 공감
2013,다문화 사회에서 문화적 배경에 따른 언어학습모형 구축에 관한 연구: 한국인 학습자와 외국인 학습자가 사용하는 언어학습책략을 중심으로
2013,Syntax and Statistical Learning in the Language Development of the English Dative Alternation
2013,『톰 아저씨의 오두막』에 나타난 여성의 목소리 연구
2013,피콜라의 가족사진과 시각적 이미지: 토니 모리슨의 『가장 푸른 눈』을 중심으로
2013,「리틀 기딩」에 나타난 순간과 영원
2013,로빈슨 제퍼스의 시에 나타난 인간의 미
2013,정신분석적 측면에서 본 『도리안 그레이의 초상』과 『광화사』 비교
2013,루시 라콤의 자서전에 나타난 새로운 글쓰기
2013,내용중심 통합 수업에 대한 이해와 인식의 관계에 대한 연구
2013,‘Let the Subaltern Speak’: The Postcolonial Subtext in Monique Truong’s The Book of Salt
2013,정보구조를 이용한 수동태 교육
2013,세익스피어 소네트 116 낭송의 음향음성학적 분석
2013,함수에 의한 덩키문 해석의 한계
2013,A Note on Initial Fricative Voicing in Southern Old English
2013,Referential Opacity in Propositional Attitudes
2013,Is the Error-Coder Training Erroneous?
2013,영어와 한국어의 생략에 대한 비교 분석
2013,조이스와 양성성의 미학: 『율리시즈』의 키르케 에피소드를 중심으로
2013,호모 나랜스의 창조적 수사학: 『프랑켄슈타인』과 「오멜라스를 떠나는 사람들」을 중심으로
2013,The Case of Archaeopteryx and Chomsky’s Conflicts with Himself
2013,홉킨즈와 테드 휴즈 시에서의 원시성
2013,Tracking을 이용한 영어말하기 능력 향상 연구
2013,Long-distance Anaphor Binding in Lower Subject Positions
2013,메를로-퐁티의 살 개념으로 본 헨리 제임스의 『황금 주발』
2013,영어 심리동사 구문의 경험주에 관한 소고
2013,공과대학 영어전용강의에 대한 교수자 인식
2013,초등학생들의 일견어휘 학습과정을 통해서 본 문해력 습득과정 분석
2013,Asian Americans in Harold and Kumar Go to White Castle: The Perpetual Foreigners
2013,Pronouns and Their Referential Dependencies
2013,A Contrastive Analysis of Mute Graphemes in English and Korean
2013,Parasitic Gaps in Adjunct
2013,The “Sharp Eye” of a Journalist: Walt Whitman and Journalism
2013,윌프레드 오웬의 전쟁시에 나타난 영웅주의
2013,말로우에 대한 엘리엇의 이해와 평가
2013,Morpho-Phonology of Abbreviated English Loanwords in Korean: Bases and Posited Source-Language Representations
2013,Chronotope of Congregation in Joy Kogawa’s Obasan
2013,대학생 토익성적 변화에 따라 나타나는 학습동기와 학업적 자기효능감 양상 분석
2013,아동문학에 나타난 죽음과 치유 그리고 성장의 모티프
2013,중등 영어교사 양성기관의 원어민 강사 활용 정책에 대한 효과성 분석
2013,On the Optimal Text Length of Reading Comprehension Tests
2013,내러티브로 재현된 진리의 상대성: 줄리안 반즈의 『내 말 좀 들어봐』
2013,블레이크의 시에 있어서 용서의 의미
2013,에디스 네스빗의 『다섯 명의 아이들과 그것』: 현대동화로서의 환상공간의 구조와 어린이의 개념
2013,Graded Reading Instruction for Vocabulary Acquisition
2013,어말자음의 차이를 반영한 선행 모음의 길이 교정효과에 대한 연구
2013,Speaker Variation in Rendering English Prosodic Prominence
2013,커트 보니것의 문명관과 비전 연구—후기 작품을 중심으로—
2013,과정중심 영작문 수업이 영어 쓰기 능력에 미치는 영향
2013,협동학습과정에서 나타난 한국 대학생들의 언어적 상호작용 분석
2013,‘권력투쟁’과 ‘주체성’으로 살펴본 『귀향』
2013,비판적 영어교육과 현실: 교사들의 경험을 중심으로
2013,"Stress, Rhythm, and Intelligibility in English"
2013,『호밀밭의 파수꾼』: 주인공의 정체성 탐색 여행
2013,역설의 서사: 개츠비와 샌티아고의 비극적 긍정성 -주인공의 위대성을 중심으로-
2013,"자살과 문학, 그리고 셰익스피어"
2013,Topic Acceptability Scale and Topic Constructions in Korean
2013,“날개 잘린 새”: 필립 라킨의 경우
2013,Korean ESL Students’ Perceptions of Benefits from American Friends
2013,윌러 캐서의 『바위 위의 그림자』에 나타난 가사의식의 신 역사주의적 요소
2013,『위대한 개츠비』에 나타난 꿈의 실현과 사랑의 대속
2013,『세일즈맨의 죽음』에 나타난 생태학 코드 녹색 읽기
2013,홉킨스의 노동하는 인물과 러스킨
2013,자아에 관한 은유적 분석
2013,『현명한 피』에 나타난 카니발-그로테스크 서사
2013,『햄릿』에 나타난 이야기하는 그림
2013,심리 동사의 의미 구조와 논항 구조
2013,즉각적 영어발화에 나타난 한국인 영어학습자의 영어 음절말 자음군 축약 양상에 관한 연구
2013,TP-Internal Focus Probe in Wh-Questions
2013,언어의 자기기만과 혁명의 자기곤경: 『서구인의 눈으로』와 콘래드적 아이러니의 성취
2013,Teaching Reading in Primary English Education: A Research Review and Critical Considerations
2013,Creating a Discourse for Understanding Second Language Acquisition and Anxiety
2013,대학생의 영어 연어 사용 능력에 관한 연구
2013,"시민권, 포함의 역사 혹은 배제의 역사"
2013,코퍼스 활용 어휘 피드백에 따른 고등학교 학습자의 수준별 연어 지식 및 오류 교정 과정에 대한 분석
2013,셸리의 사회개혁사상에 나타난 폭력의 문제
2013,「가슴 아픈 사건」의 라캉적 읽기
2013,"The Cataclysmic Gyres of Neocolonial Apathy and Anarchy and the Disintegration of Manichean Worldview: Unity, Ossification and Disunity Based on Existential Socio-Individual Destinies"
2013,Dependent Plurals and Ordinary Plurals
2013,윌리엄 블레이크 시에 나타난 인간성 상실의 양상
2013,『비사회적 사회주의자』에 나타난 청년 쇼의 정치사회적 고민과 속류 마르크스주의 비판
2013,Poe’s “The Pit and the Pendulum” in Blackwood’s Tradition
2014,수준별 토익집중 프로그램의 운영 효과
2014,"영어영문학의 외연 확대를 위한 담화, 스토리, 내러티브, 그리고 스토리텔링 연구의 상호연관성 탐색"
2014,올컷의 『가면 뒤에서-여성의 힘』에 나타난 여주인공의 이중성
2014,『아빠 달님을 따 주세요』와 『비밀 파티』에 나타난 전조작기 아동들의 놀이와 놀이 공간: ‘중간 놀이터’와 ‘잠재적 공간’을 중심으로
2014,보네것의 『제5도살장』: 포스트모던 서사와 역사 다시쓰기
2014,Multiple Fragments in the Bi-Clausal Structure
2014,A Case Study of the Effects and Perceptions of Teacher Feedback on Korean University Students’ Writing in a Process-oriented Approach
2014,V. S. 나이폴의 『미겔 스트리트』를 제국의 수사학으로 읽기
2014,The Cultural Construction of Poe’s Insane Narrator in the Murder Narratives
2014,뉴욕의 혼종 가족들-다이애나 손의 『멈춰 키스』와 『위성들』에 나타난 탈 인종 정치성
2014,이상적 공동체를 향한 현실적 방안: 수잔 최 의 『미국 여자』를 중심으로
2014,Emerging Technologies; Online Learning of Grammar Instruction with Web-based Materials
2014,실존주의적 관점에서 살펴 본 『우리 읍내』 -야스퍼스 이론을 중심으로
2014,Shakespearean Intelligencing in Much Ado About Nothing
2014,『슬픔의 디어드러』를 통해 본 씽의 진보적 켈트문화 부흥운동
2014,코퍼스 기반 중등 영어과 교육과정 어휘 수준 분석
2014,트라우마와 치유: 문학과 의학의 관점으로 읽는 토니 모리슨의 『고향』
2014,『리어왕』에 나타난 탈 성서적 요소
2014,신문의 ‘보도기사’와 ‘사설’에 쓰인 영어 관계대명사의 담화기능 비교
2014,A Diachronic Study of Be Gone
2014,Gene Roddenberry’s Utopia: Star Trek and White Hegemony
2014,『제인 에어』에 나타난 유목적 사고
2014,레싱의 『두 할머니』에서의 사랑의 부재
2014,Using Collective Nouns by Korean Learners of English: A Generalized Linear Model with R
2014,Grammatical Agreement Errors in Korean University Students’ English Compositions: A Corpus-Based Study
2014,카렌 테이 야마시타의 『아이 호텔』: 문학적 실험을 통한 역사 재현
2014,낭독속도와 연구개 경음화의 음향적 특징
2014,에밀리 디킨슨의 시적 상상력: ‘화산’과 ‘탈주’의 주제에 드러난 상승 이미지
2014,『흰옷을 입은 여인』에 나타난 공간과 엿듣기의 서술전략
2014,인문계 고등학생의 영어내신성적과 대학수학능력 시험 영어성취도간 상관관계 분석
2014,『심벨린』에 나타난 이아키모의 말하는 그림
2014,초등영어 수업에서 문화 비교자료를 활용한 게임 활동이 국제문화능력에 미치는 영향
2014,Factors Affecting the Choice of Communication Strategies in Interaction of EFL College Learners
2014,에밀리 디킨슨의 자연시에 나타난 장소 만들기와 공간 의식
2014,『나 죽어 누워 있을 때』에 나타난 여정의 의미
2014,농산촌 초등학생의 영어집중캠프 참여가 문해력 및 영어학습 태도와 동기에 미치는 영향
2014,이중목적어구문의 구조와 LF 복사본 삭제 제약
2014,데이비드 구터슨의 『삼나무에 내리는 눈』: 타자를 대변하는 서사전략 비판
2014,Crossover and Reconstruction
2014,밀러극에 나타난 자기부정과 도덕적 마비
2014,여성 하위주체로서의 테스와 춘향의 항거 양상
2014,Attitudinal Stance in Online Argumentative Comments of NS and NNS Writers
2014,A Structural Case-based Account for Raising Constructions
2014,대학 영어강의의 현황 탐색과 실천적 개선방안에 대한 고찰: 교수·학습자를 대상으로 한 포커스 그룹 인터뷰를 통하여
2014,스포츠 영어 교육 현황 및 개발 방향에 대한 연구
2014,개념 은유이론의 발전과 평가
2014,『가장 푸른 눈』에 나타난 지배담론의 내면화와 저항
2014,영어와 한국어의 직시 현상에 대한 이해와 비교 분석
2014,한국인들의 영어 유성구개치경마찰음 발음교정효과에 대한 연구
2014,고통과 치유의 문학: 호건의 『고래 족』을 중심으로
2014,A Constraint-based Analysis of Syllabic Consonant Formation in Southern British English
2014,외국어읽기를 위한 내용기반 통합적접근법
2014,Effects of Task Structure and Proficiency on Korean EFL Learners’ Oral English Storytelling Performance in a Speaking Exam Setting
2014,BE TO의 부정사는 형용사 상당어구인가?
2014,Where Have I Come from?: Ethnicity and Place in Pre-1965 Second-Generation Korean American Life Writing from Hawai‘i
2014,Keats’s Progress in the Walking Tour Sonnets
2014,초등학생의 단기 영어몰입 프로그램 참여의 효과 분석: 사례연구
2014,On the Categorial Status of Whether
2014,A Study of Stress Patterns in English Compounds
2014,의미차이에 중점을 둔 영어의 시제와 상 교육
2014,The Violin-Sonata Paradox and the Stack Mechanism
2014,윌프레드 오웬의 전쟁시에 나타난 트라우마와 숭고의 상관관계 연구
2014,The Alienation of the White-masked Moor in Othello
2014,Ethical Use of Classroom Assessment: Self-Reflective Study
2014,A Feature-based Approach for Addressee Honorification
2014,세기말의 불안: 오스카 와일드의 『도리안 그레이의 초상』
2014,영어교육과 콩글리쉬의 재조명: 자연주의 관점에서
2014,C. S. 루이스의 『스크루테이프의 편지』에 나타난 악마의 세계와 인간 유혹전략
2014,The Syntax of Adverbials and Information Structure
2014,영어와 한국어의 정중성 활용 방안
2014,Wordsworth’s Poetics of Sympathy vs. Emerson’s Poetics of Liberation
2014,A Critical Interpretation of Vonnegut’s Jailbird: An Unceasing Quest for Justice
2014,죽음을 주제로 한 에즈라 파운드의 이미지즘 시
2014,토익 학습시간에 따른 대학생의 학습전략 양상 분석
2014,COLT 수업관찰 분석법을 토대로 한 영어·체육 통합 수업 분석
2014,Politics of Representation: Americanization of Korean Comfort Women and Camptown Sex Worker Discourses
2014,BNC 말뭉치와 비교를 통한 영어 교과서 분석: 목적어로서의 부정사와 동명사 분석을 중심으로
2014,“민주적” 공간: 월트 휘트먼과 랜드스케이프 건축 미학
2014,Individual-level Predicates and VP Topics
2014,『세계와 마을』에 나타난 공동체와 통치성
2014,Truncated Verb Structures in Child Korean
2014,A. R. Ammons’s Vision in Taoism
2015,A Constant Flux of Language Change with regard to English Present Perfect vs. Preterit
2015,English VP Topic and Korean Accusative-Marked Causee: With Respect to Discourse Effects
2015,18세기 아동교육과 블레이크의 『순수의 노래』
2015,근대 저널에서 본 허버트 스펜서의 사회진화론
2015,Locative Inversion and Focus
2015,Labeling Infinitives
2015,"C. S. 루이스의 『사자, 마녀 그리고 옷장』: 판타지 공간의 구조"
2015,엘리엇의 고전주의적 형식주의: 컨벤션에 대한 집념
2015,영어교육학과 대학원생들의 다문화 교육에 대한 태도와 인식연구
2015,시간과 이동의 은유적 연결
2015,교사 피드백과 동료 피드백이 학생들의 작문 수정 과 향상에 미치는 영향 비교
2015,"언어, 미학, 창조력: 하 진의 『자유로운 삶』에 나타난 문학적 트랜스링구얼리즘 에 대한 연구"
2015,The Renaissance Tension between Sovereigns' Morality and Competence in Sharkespeare's Plays
2015,An Optimality Theoretic Account of Stress Patterns in Old English
2015,A Constraint-based Analysis of English Loanwords in Korean with a Word-initial Consonant-Glide Sequence
2015,미국 남부문학의 새로운 패러다임: 비판적 백인성 연구
2015,Against the Movement Analysis of Right Node Raising
2015,기름유출 관련 해양법영어코퍼스에서의 Wmatrix를 사용한 주요 의미영역 비교 분석
2015,"『지킬 박사와 하이드 씨의 이상한 사건』 서사구조 연구: 문, 숨바꼭질, “유동 하는 공포”를 중심으로"
2015,미국 희곡 속에 나타난 자살의 문제 - 아서 밀러의 극을 중심으로
2015,A Study on the Transition and Religious Tolerance of Robert Lowell’s For the Union Dead
2015,"행복한 여성 시지프, 메이, 부조리한 세상과 맞대면하다: 포네즈의 『진흙』"
2015,The Effect of Model Essays on Complexity and Fluency of L2 Learners’ Writing Performance
2015,Relationships between Family Literacy Practices and Successful School Performance in Learning Languages
2015,스티브 맥퀸의 『노예 12년』에 나타난 폭력과 침묵
2015,클래스팅 기반 쓰기활동이 초등 학습자의 영어 쓰기능력 및 정의적 태도에 미치는 영향
2015,안 나의 『천국에서 한 계단』에 나타난 정체성 교섭과 다문화 이데올로기
2015,The Acquisition of Overlapping Reference by College Students
2015,『운전 배우기』와 『롤리타』: 소아성애자의 도덕적 성장
2015,존 던의 변화에 대한 의식과 다양성의 추구
2015,키란 데사이의 『상실의 상속』: 세계화에 대한 비판적 성찰
2015,‘역할 지정하기’ 측면에서 본 『애인』의 사라
2015,The Ideal Gentlemen: A Study of Historical Differences in the Definition of a Gentleman and Victorian Conduct-books for Gentlemen
2015,시각적 입력 강화와 어휘 상세화가 우연적 어휘 학습에 미치는 영향
2015,19세기 통합적 지식인으로서의 에머슨의 ‘시인-과학자’의 이상
2015,『나의 안토니아』: 생명의식을 통한 계급의식의 전복
2015,『제인 에어』: 페미니스트적 열망과 제국주의적 기획
2015,영어 학술논문 코퍼스의 키클러스터 구조와 기능
2015,제인 오스틴의 『노생거 애비』: 결혼 시장과 여주인공의 가치
2015,도리스 레싱의 『고양이들에 대하여』: 벌거벗은 생명으로서의 고양이
2015,월트 휘트먼의 작품에 나타난 고유한 장소성 —브루클린을 중심으로
2015,D. H. 로렌스의 『채털리 부인의 사랑』: 코니의 자아저술
2015,Parallelism in Labeling between  Relativitization and Coordinate Conjunction
2015,Relative Pronouns as an Accessibility Marker in Discourse
2015,어부 형상으로서의 굴원과 산티아고를 통해서 본 ‘홀로’의 자기서사 구현 - 굴원의『어부사』와 헤밍웨이의『노인과 바다』를 중심으로 -
2015,「필경사 바틀비」와 「법 앞에서」를 통해 살펴본 윤리와 법의 의미 그리고 행복의 가능성
2015,영작문과 영어발표 수업을 융합한 교수법이 영작문학습에 끼치는 학습효과
2015,케빈 행크스의 『걱정하는 웜불리』를 통해서 본 아동의 분리불안과 학교 공포증의 극복
2015,Modified Feature Specifications w.r.t. Anaphoric Dependency
2015,『동양인 서양으로 가다』에 나타난 디아스포라 주체의 인식변화와 정체성 구현
2015,테드 휴즈 초기시의 폭력성 논쟁
2015,해체비평을 넘어서: 『로드 짐』 다시 읽기
2015,불교 관점에서 본 프로스트의 명상시
2015,로렌스의 후기시에 나타난 고독의 심리적 의미: 자아에서 자기에로
2015,윌리엄 셰익스피어의 성품 연구 —전기적 사실을 중심으로
2015,나보코프의 글쓰기 욕망과 소아성애증: 『롤리타』를 중심으로
2015,질병과 트라우마의 치유: 문학과 의학의 관점에서 읽는 토니 모리슨의 『자비』
2015,Effects of a Customized Instruction on Korean EFL College Students’ Learning Achievement and Attitudes
2015,The Unrounding of /ü:/ and /ü/ in Middle English: A Constraint-based Approach
2015,Using Film to Teach Cultural Diversity and Identity
2015,영어 능숙도에 따른 화용적 인식과 문법적 인식의 차이에 관한 연구
2015,계약 학습이 중학생의 자기주도 학습에 미치는 영향 탐색: 사례 연구를 중심으로
2015,『태양 아래 건포도』에 나타난 권력의 미시정치학
2015,말괄량이 캐서리나의 수행적 정체성
2015,영어 유의어 perfect와 absolute의 코퍼스 기반 분석
2015,아나키에서 희망의 여행으로: 『빼앗긴 자들』에 나타난 어슐러 르 귄의 휴머니즘
2015,멀티리터러시 기반의 초등 통합 영어 교재 모형 연구
2015,English Counterparts of Causative Verb Cwu and Benefactive Suffix Verb  Cwu Constructions
2015,‘여자가 묻고 남자가 답하다’: 아내를 향한 독백으로 읽는 『원어민』
2015,키츠의 “소극적 능력”과 『하이페리언』에 드러난 정치의식
2015,"Poe, Journalism, and the Birth of Detective Fiction"
2015,Factors Influencing Korean L2 Learners’ Errors in English Relative Clauses
2015,Lord Byron’s The Corsair: The Embodiment of Man’s Resolution and Its Adverse Occurrence
2015,"Decoding Madness in the Novels of Black Women Writers: Morrison’s The Bluest Eye, Jones’ Eva’s Man, Bâ’s Scarlet Song, and Dangarembga’s Nervous Condition"
2015,월트 휘트먼의 시에 나타난 전쟁의 은유와 전사 정신
2015,Creating a specialized word list for ESP college students
2015,Decodable book을 활용한 초등영어 읽기부진아 지도 효과
2015,수준별 영어 수업 실시 여부에 따른 중학생의 영어능력 향상도 분석
2015,Factors affecting English reading comprehension of Korean middle school students
2015,토니 쿠쉬너의 『미국의 천사들』에 나타난 동성애자들의 새로운 남성성의 모색
2015,사라 워터스의 『벨벳 애무하기』에 나타난 신-빅토리아주의의 ‘공간 정치학’
2015,Circling Through Diasporas and Asia: Narratives of Transnational Connectivities
2015,정치심리학에서 본 『줄리어스 시저』
2015,주체적인 삶을 통한 성정체성 회복 --헤밍웨이의 『에덴동산』을 중심으로--
2015,A Diachronic Study of English Progressive -ing: focusing on its function
2015,그로테스크적 동화의 카니발적 상상: 안젤라 카터의 『피로 물든 방』을 중심으로
2015,The Ambivalence of John Steinbeck’s Sweet Thursday: Based on Jungian Psychology
2015,선의 시각에서 본 『리어왕』
2015,Spiritual Homosociality in The Tempest: Magic and Moral Superiority
2015,영어 결과문에 관한 소고
2015,American English Flapping: A Constraint-based Approach
2015,요약쓰기과제를 통한 읽기능력향상
2016,수능영어 절대평가 정책에 대한 중등학교 교사들의 인식 연구
2016,『겨울 이야기』: 감시와 처벌 그리고 저항
2016,상상적 판타지를 통해본 아동의 사회불안심리 - 앤서니 브라운의 『어떡하지?』
2016,초국가적 정체성 추구: 셔먼 알렉시의 『플라이트』를 중심으로
2016,병과 인간 조건에 대한 해석학: 던의 『위급한 때의 기도문』
2016,『천국과 지옥의 결혼』의 연금술적 요소
2016,Subject across Verbs and Languages
2016,“Across Vast Distances of Space and Time”: The Problematics of the Ending in Lois Lowry’s The Giver
2016,랜드스케이프 어바니즘 관점에서 본 월트 휘트먼의 탈경계적 상상력
2016,A Syntactic Derivational Process w.r.t. Anaphoric Relations
2016,『속된 무리를 떠나서』에 나타난 밧세바의 여성 정체성 탐구 - 포스트콜로니얼의 페미니즘 관점에서
2016,Byron’s Early Poetry: Unraveling the Manifestation of Multiple Wandering Voices
2016,추상적 이동과 시간 은유
2016,『쥐』에 나타난 홀로코스트 재현의 윤리와 교육적 의의 연구
2016,홀로코스트 문학 수업의 교육적 가치: 엘리 위젤의 『밤』을 중심으로
2016,의미범주 태깅을 활용한 유의어 entire와 whole에 대한 연구
2016,A Study of Heroic Dimensions of D. Walcott’s Omeros and Deprived “Echoes” of the Past
2016,The Power of the Name: Odysseus and Cordelia
2016,『블라이드데일 로맨스』에 나타난 아이러니
2016,『일종의 알래스카』의 데보라의 주체성 연구: “깨어남” 과정을 중심으로
2016,‘신뢰할 수 없는 화자’를 통한 9/11의 재현: 『제로』를 중심으로
2016,Vowel Epenthesis in English Loanwords: A Constraint-Based Analysis
2016,패러디를 통한 영시 교육 방법의 모색: 『그의 수줍은 연인에게』의 개작시들을 중심으로
2016,녹색 유토피아: 페미니스트 유토피아 소설 『허랜드』와 『시간의 경계에 선 여자』의 생태주의적 비전과 과학기술
2016,영어 이중타동사의 보문유형과 분포빈도에 대한 COCA 코퍼스 분석
2016,『템벌레인 대왕』: 라깡의 정신분석학적 관점에서 살펴 본 동일시와 소외의 주체- 템벌레인
2016,Minimalist Approach to How to Encode Anaphoric Relations
2016,페미니스트 과학소설과 젠더: 조안나 러스의 『여성 남자』와 어슐러 르 귄의 『어둠의 왼손』을 중심으로
2016,외국어 읽기-기반 쓰기가 쓰기능력 향상에 주는 연구사례 분석 및 제언
2016,Segmented Assimilation and Performance in Chang-rae Lee’s Native Speaker
2016,The Madness of Lemuel Gulliver
2016,On Syntactic Analysis of Word Order in Old English
2016,EFL 중학생의 수준별 영어 학습전략 사용에 따른 영어 성취도의 변화 분석
2016,아동시기의 트라우마와 『그 아이를 도우소서』
2016,『헨리 6세』 삼부작에 나타난 셰익스피어의 민중관
2016,"“O, Cursed, Cursed Slave!”: When Shakespeare Meets American Abolitionism"
2016,섹슈얼리티를 통한 찰스와 사라의 자아발견 - 파울즈의『프랑스 중위의 여자』를 중심으로 -
2016,Lexical Bundle Structure Distribution in Argumentative Writing of Korean and American University Students
2016,L2 영어 학습자의 어휘 처리의 신경 인지적 맥락
2016,Idiomatic Fragment Answers in Negation
2016,“모든 것은 그 자체로 나뉜다”: 베케트의 『말론 죽다』와 소진의 기술
2016,An Epigenetic Perspective on the Development of Fricatives
2016,서사와 재현의 정치학: 토마스 킹의 원주민 서사의 로컬 서사로서의 가능성에 대해서
2016,행운의 저주성과 백색의 배반성 - 페리페테이아를 통해 본 필립 로스의 『인간의 오점』
2016,The Syntactic Status of Resultatives and the Direct Object Restriction
2016,『생쥐와 인간』에 나타난 꿈의 몰락과 “더불어”의 가치
2016,On the Origin of the English Passive Progressive
2016,홉킨스 시에 나타난 빅토리아시대 유소년관념
2016,『속죄』에 나타난 서사의 확장
2016,Humanness Restriction in English Pseudo-clefts
2016,강세 교육에 대한 중학교 영어교과서 분석: 2009 개정 교육과정 중심으로
2016,영문학 과 문학치료가 만나다: 텍스트 중심에서 독자 중심으로
2016,토니 모리슨의 긍정과 화합의 신 흑인미학:『그 아이에게 신의 가호가 있기를』 연구
2016,『칼라 퍼플』에 나타난 은유에 대한 인지언어학적 분석
2016,Successive Cyclic Binding through the Phasal Edge in the Bi-Clausal Structures
2016,네버엔딩 스토리 『워더링 하이츠』: 텍스트에서 하이퍼텍스트로
2016,회귀와 전복? 아동문학에 나타난 남자의 여장
2016,The Socio-Economic-Political Crisis of the Frontier Thesis in Do Androids Dream of Electric Sheep?
2016,『나를 보내지 마』에 나타난 휴머니즘
2016,얀 마텔의『라이프 오브 파이』에서 파이의 종교적 경험
2016,한국인 학습자의 영어 초분절적 요소 학습의 효과: 음성학적 연구
2016,『돈 주앙』: 심미적 실존의 삶
2016,『헨리 4세』에 나타난 “녹색세계”로서의 폴스타프 세계
2016,서발턴의 가면놀이: 안젤라 카터의 『마법의 장난감 가게』를 중심으로
2016,A Minimalist Approach to Inversion Constructions in English
2016,술어와 보문화의 상관관계
2016,스트레이트 사진에 나타난 월트 휘트먼의 도시 풍경
2016,변증법으로 본 셸리의 『해방된 프로메테우스』
2016,The Correlation between Preposition-Stranding/Pied-Piping and the Scope Expansion of PPs
2016,Effects of Lexical Familiarity on the Production of L2 Phonological Rules
2016,A Linguistic Approach to History
2017,2009 개정 영어과 교육과정에 따른 중학교 영어교과서의 쓰기활동유형 분석
2017,계몽의 빛과 탈신비화의 문제: 『배스커빌가의 개』 연구
2017,영어와 논리어의 영향권 중의성에 대하여
2017,우리의 캐피톨은 누구인가? —『헝거 게임』에 나타난 개인과 사회
2017,‘탈식민 반언술’에 나타난 패러디: 토니 모리슨의 『가장 푸른 눈』을 중심으로
2017,『리라 아포스톨리카』를 통해서 본 존 헨리 뉴먼의 소책자시학
2017,The Emergence of Intrusive-r in English Place-Names Ending in -wich
2017,Translating Korean Negation: Based on the Lexically Layered Model
2017,『정신현상학』과 함께 한 『내가 죽어 누워 있을 때』의 비판적 독해: 부조리한 인정투쟁과 해체된 인륜적 공동체를 중심으로
2017,『귀향』에 나타난 가족이데올로기의 해체와 가족의 재구성
2017,An Alternative Account of Coronal-y Sequence Realizations in English
2017,필리스 휘틀리의 ‘해방의 시학’
2017,헤밍웨이 초기 소설에 나타난 허무와 수용의 미학
2017,On the Fallacies of Chomsky’s Mutation and of Everett’s Artifact
2017,결정론적 폭력에 직면한 희생양: 「생쥐와 인간」을 중심으로
2017,「암호」의 공간과 가족이야기
2017,사막의 한 복판에서 꽃 피우기: 쿳시의 「마이클 K」와 아감벤의 “벌거벗은 생명”을 중심으로
2017,조이스 텍스트에서 드러난 기억의 정치성에 대한 코퍼스 기반 연구
2017,「사랑에 빠진 여인들」에 나타난 제럴드의 비극적인 삶 고찰
2017,D. H. 로렌스의 「연애하는 여인들」에 나타난 응시의 반복적인 변용
2017,돈 드릴로의 「언더월드」에 드러난 벽과 벽 안쪽에 사는 사람들의 의미
2017,영미아동 환경문학에 나타난 인간과 동물
2017,Strategy Use in Reading Different Text Genres in EFL Context
2017,오염과 전염 사이: 낭만주의 문학에 나타난 제국주의 시대의 질병
2017,핀터의 『콜렉션』의 권력과 언어 전략
2017,『실낙원』에 나타난 사탄의 정체성 분석
2017,A Diachronic Study of the English Get Passive
2017,20세기 미국희곡 속에 나타난 자살의 이해: 에드워드 올비의 『동물원 이야기』를 중심으로
2017,Lack of the Blocking Effect in Korean Long Distance Anaphors
2017,화학공학영어 코퍼스기반 키워드 및 어휘다발 분석: 교재와 논문 코퍼스를 중심으로
2017,"『허공에 매달린 사나이』에서 조셉의 구원, 그리고 토포필리아"
2017,초과물로서의 유독물질: 『화이트 노이즈』의 생태비평적 읽기
2017,디킨슨 시를 통해 본 ‘뱀’의 상징성
2017,D. H. 로렌스의 ‘어른 같은 아이’와 ‘아이 같은 어른’: 『연애하는 여인들』의 위니프레드와 뢰르케
2017,인간의 열망과 그의 한계: 말로우의 『포스터스 박사의 비극』
2017,테드 휴즈 시의 ‘눈’
2017,Diachronic Development of English Word-Initial Consonant Clusters kn- and gn-: A Constraint-Based Analysis
2017,『이슬람의 반란』에 나타난 여성 해방적 관점
2017,On the Order of Premodifying Adjectives in English
2017,Analysis of the Types of Translation Errors by the Google Translator
2017,토익 듣기 능력 향상을 위한 전략 수업 효과
2017,경험의 수사학—윌리엄 칼로스 윌리엄스와 어니스트 헤밍웨이 작품을 중심으로
2017,"The Interconnection of Race, Class, and Environment in Helena Maria Viramontes’s Under the Feet of Jesus"
2017,이상사회 실현과 사랑의 힘—『풀려난 프로메테우스』에서
2017,복수극 『체인질링』에서 드러난 정의 실현의 문제
2017,"Robert Blair’s Poems: Unfolding Perceptions of Funereal Occurrence, Vicissitude, and Human Resolution"
2017,대학생 토익 성적 향상도에 미친 학습동기 및 자기조절효능감 차이 분석
2017,가상 이동이 시간 은유 표현의 이해에 미치는 영향
2017,Consonant Disharmony and Local Dissimilation in English: An Analysis in Surface Correspondence Framework
2017,Unpassivizability and Binding Condition A
2017,형태초점 교수법의 교실 적용 연구—2009년 개정교육과정 고등학교 1학년 영어 교과서를 중심으로
2017,"칼빈, 로크, 루소의 아동교육론에 대한 블레이크의 입장"
2017,영어와 한국어의 연어
2017,한국어 화자가 발화한 한국어와 영어 모음의 낭독속도에 따른 포먼트 변화에 대한 비교연구
2017,An Optimality-Theoretic Analysis of Vowel Lengthening and Shortening in Middle English
2017,A. S. 바이어트의 「포제션」: 역사 다시쓰기를 통한 개인의 정체성 형성
2017,『교수의 집』에 나타난 세인트 피터 교수의 “마음의 이산” 연구
2017,On the Production of Localities in/near Metropolises in the United States: Transnationalism from Below/Margin and the Literary Representation of Minorities’ Lives
2017,William Wordsworth’s Anti-war Sentiments in “A Night on Salisbury Plain” 
2017,The Dual-gendered Sea: A Mechanism to Defense Masculinity in The Old Man and the Sea and Islands in the Stream
2017,『시학』으로 읽은 「프란시스 매코머의 짧고 행복한 삶」의 비극성
2017,피크노렙시를 통한 기억과 실존의 의미: 『기억 전달자』를 중심으로
2017,한국 대학생들의 영어 학습 탈동기화에 대한 연구: 스포츠 관련 학과 학생들을 중심으로
2017,A Qualitative Analysis of EFL College Students’ Speaking Anxiety in an English Clinic
2017,사파이어의『푸쉬』에 나타난 글쓰기 치료
2017,한국계 미국 청소년문학에 나타난 폭력과 권력의 역학관계: 안 나와 마리 리의 소설을 중심으로
2017,워즈워스의 『불멸을 깨닫는 노래』와 『반야심경』
2017,Overt vs. Covert Distributivity Operator
2018,영어교육 어휘 목록 개발: 국내외 학술지 코퍼스 기반 연구
2018,Promoting English as an Intercultural Language : Student Perceptions of an EIcL Activity
2018,안티고네 되살리기: 안티고네 프로젝트와 민주주의
2018,Pseudo Noun Incorporation in Korean Object-verb Idioms: With Reference to Case Drop and Low Scope
2018,킹즐리와 뉴먼의 시에 나타난 종교의 세속주의 갈등
2018,『일곱 박공의 집』에 나타난 “정원”의 생태적 의미
2018,Locality in English Dissimilatory Processes: Analyses in Surface Correspondence Theory
2018,The Diasporic Identity and Mother Culture in the Novels of 1.5 Generation Hyphenated American Writers
2018,한국어와 영어 능격동사 비교
2018,Students’ versus Teachers’ Attitudes and Perceptions towards World Englishes
2018,Native Vowel Merger Effects on English Vowel Neutralization
2018,노년의 삶에 대한 앨리스 먼로의 담론
2018,『만조의 바다 위에서』에 나타난 판의 여정: 혼종성의 시각을 중심으로
2018,A Study of the Google Translator’s Translation of Sentences Imbued with Ambiguities
2018,A Study of Nonfinality and Fill Constraint in Rightmost Stress Windows
2018,A Diachronic Study of English BE Perfect Relics
2018,『토요일』에 나타난 윤리적 폭력과 타자의 문제
2018,『등대로』에 구현된 은유에 대한 인지분석
2018,멜빌 단편소설을 통해 본 19세기 미국지식인의 딜레마: 『종탑』을 중심으로
2018,D. H. 로렌스의 대안적인 글쓰기에 나타난 회화적 요소: 『연애하는 여인들』 작품을 중심으로
2018,아리스토텔레스의 대립 사각도와 현대 의미론에서 명제 대립에 대하여
2018,로렌스의 『날개 달린 뱀』의 ‘4각 사랑’에 투영된 남성 우월주의
2018,"John Donne’s Devotions upon Emergent Occasions VI: Unraveling Manifold Diagnoses of Fear, Inquisition, and Subsequent Repercussion"
2018,Prosodic Marking of Focus in English and Korean: Based on a Point-biserial Correlation Test
2018,"상실, 기억과 애도의 서사: 토니 모리슨의 『신이여 아이를 도우소서』"
2018,자서전적 글쓰기를 통한 문학교육: 영미수필 수업사례
2018,The Politics of the Phallus: A Lacanian Reading of Ernest Hemingway’s The Sun Also Rises
2018,스티븐 홀의 『날상어 텍스트』를 통해 본 포스트휴먼 주체 의 구성 양상
2018,통합을 위한 역사 다시쓰기: 앨리스 워커의 '나의 동반자의 신전'
2018,분리된 영역 이데올로기에 대한 비판: H. G. 웰스의 신여성 소설 『앤 베로니카』
2018,문화적 가공물과 시간 은유 표현
2018,Quantifying Events: A Case Study of Verbal Classifiers
2018,엘리자베스 비숍 시에 나타난 물의 이미지와 상상력
2018,듣기이해능력 향상에 영향을 미치는 요인에 관한 메타분석연구
2018,윌라 캐서의 소설에 나타난 퀴어 에티카 연구
2018,영어와 한국어의 환유 비교
2018,돈 드릴로의 언어와 필립 로스의 더 휴먼 스테인 속 ‘인간의 오점’ 간 상관관계
2018,A Defense of W. B. Yeats as a Playwright
2018,Responding to Negative Utterances: An Ellipsis Account
2018,"2015 개정 교육과정 기반 초등 3, 4학년 영어교과서 쓰기 활동 분석"
2018,아들의 회귀: 해롤드 핀터의 『밤나들이』를 중심으로
2018,The Revised Split Relative Clause for Antecedent-Contained Deletion
2018,아프리카: 핸더슨의 성장을 위한 ‘중간영역’ —위니캇의 이론을 중심으로—
2018,Control Structure under Survive-minimalism
2018,Diachronic Development of Old English hl-/hr-/hn- Clusters: A Constraint-Based Analysis
2018,모리슨의 『사랑』: 흑인 부성과 상상적 자아
2018,A. K. Armah’s Exploration of the Pervasive Disillusionment
2018,Asymmetries in the Production of English Relative Clauses by Mandarin Chinese-speaking Learners
2018,Revisiting Gricean Approach to Metaphors
2018,Examining Korean College Students’ English Speaking Anxiety toward Native Speakers and Foreign Students
2018,코맥 매카시의『더 로드』 다시 읽기: 그것은 세상의 종말일까?
2018,기계번역을 활용한 영어작문 수업의 효과: 자기 효능감과 글쓰기의 양적 증가를 중심으로
2018,Patchwork Memories of the Past in Beloved
2018,“중용”의 시각에서 본 『베니스의 상인』
2018,"Decadence, Fabrication of the Fìn-de-siècle Salomé, and Oscar Wilde’s Salomé"
2018,Return to Ordinary in Herzog
2018,『마지막 소년 병사』에 나타난 채널링의 극적 효과와 소년 병사 유령의 임무 고찰
2018,영국희곡 영어어휘 목록 개발
2018,Spray-Load 교체구문에서 한정명사구의 전체적 해석을 위한 통사기반 연구
2018,"상품문화와 계급불안, 전통적 귀족사회의 해체: 루돌프 발렌티노를 원형으로 읽는 『위대한 개츠비』"
2018,Mass Quantifier much in English and Quantifier dian in Chinese
2018,리퍼: 노동자와 여성으로서 쓰는 시
2018,저항 미학으로서의 상호텍스트성: 리처드 라이트의 『토박이』와 토니 모리슨의 『집』
2018,A Development of English Derivational Suffixes among Korean EFL Students
2019,A Diachronic Study of the English Present Perfect Progressive
2019,피그말리온: 사회언어학적 고찰
2019,Deriving Coordinate symmetries out of the Survive Principle
2019,Gender and Correction Effects for Koreans’ Production of the English Voiced Alveopalatal Fricative
2019,Is English Speech Melody Gradient or Categorical?
2019,Explicating What “You” Mean: Turn-initial I mean in American Talk Shows
2019,매리 오스틴과 개리 스나이더 작품에 나타난 생태지역주의
2019,실제 이동 경험이 시간에 대한 영어와 한국어 은유 표현의 이해에 미치는 영향
2019,if절의 문장 분포
2019,Syntactic Patterns of Dative or Locative Experiencers and Goals
2019,텍스트에 대한 내용 및 구조 친숙도가 EFL 학습자의 텍스트 처리과정에 미치는 영향
2019,영어 자음동화와 탈락의 지각적 제약 분석
2019,노라 옥자 켈러의 『종군 위안부』에 나타난 여성적 글쓰기
2019,앨리스 먼로의 「가출」에 나타난 떠남과 귀환의 대화
2019,Event Delimitedness and a Quantified Object Noun Phrase
2019,A Harmonic Parallelism Account of English Spirantization
2019,On the Syntactic Differences between Locative Inversion and Quotative Inversion
2019,과업 중심 언어 교수법이 특성화고 학생들의 정의적 영역에 미치는 영향
2019,『겨울이야기』에 나타난 사회치유적 자매정신
2019,Moving Between India and America: Lavanya Sankaran’s Return Stories in The Red Carpet
2019,『내가 죽어 누워 있을 때』에 나타난 의미의 논리와 역설 연구
2019,"정동적 언어, 정동적 주체: 조이 하조의 『미친 사랑과 전쟁 속에서』 읽기"
2019,A Preliminary Report on the Interaction between Prosodic Focus and Sentence Length
2019,사회와 개인의 갈등: 호손의 『주홍 글자』를 중심으로
2019,햄릿의 절대 주체로서의 “나”
2019,Role Reversal and Relationship between a Parent and a Child in Holocaust Literature
2019,핀터의 『달빛』의 극 인물 형성: 앤디를 중심으로
2019,무의식을 통해 흐르는 역사의 변주곡—『피아노 레슨』을 중심으로
2019,영어과 교수역량의 관점에서 바라본 학교현장실습 경험에 대한 중등영어 예비 교사의 인식
2019,A Diachronic Study of English Reflexives and Pronouns with Feature Respecification
2019,모리슨의 『하느님 이 아이를 도우소서』: 교차적 억압과 자아정의
2019,Dialogic Voices in The Woman Warrior
2019,예이츠의 「청금석 부조」: 비극적 현실을 변모시키는 예술적 명랑성
2019,여성의 목소리로 노래하기: 바바라 킹솔버의 『포이즌우드 바이블』 연구
2019,지방 대학 신입생들의 영어 학습에 대한 감정 연구: C대학과 B대학을 중심으로
2019,Effects of Phonological Decoding Process on L2 Vocabulary Learning among Korean EFL Learners
2019,A Bibliometric Analysis of International Advances in L2 Motivation Research 
2019,『나의 안토니아』에 나타난 음식 이야기: 인간 삶의 다각적 재현을 중심으로
2019,"Matthew Arnold’s “Resignation”: Manifestations of Predicament, Forbearance, and a Quest for Resilient Force"
2019,Morpheme-specific Phonological Difference between -wich and -wick in English Place-names
2019,앨리스 랜달의 『사라진 바람』에 나타난 글쓰기 치료
2019,『타르 베이비』에 나타난 식민화와 탈식민화의 역설
2019,The Transcendental Deconstruction of Subjectivity and Objectivity in Humboldt’s Gift
2019,예이츠와 엘리엇의 작품을 통한 “정중동” 탐사하기
2019,『서곡』에 나타난 워즈워스의 사랑
2019,Russian Motion Verbs in Line with English Phrasal Verbs
2019,역사 번역과 복장전환: 워텐베이커의 『새로운 해부학』 읽기
2019,The Effects of Exposure Frequency and Task-Induced Involvement Load on EFL Middle School Students’ Learning of L2 Collocations
2019,통사부와 의미/화용부의 연결고리로서의 의미역
2019,유한한 생의 인식과 니체적 자기극복: 『바다풍경』을 중심으로
2019,샤론 드레이퍼의 『로미에와 훌리오』에 나타난 인종 간 로맨스와 다문화공동체
2019,가사노동을 통한 사회로의 진입: 『다이앤서가 한 일』
2019,『땀』에 나타난 공간 연구
2019,『아침 기차를 타고 본향으로』에 나타난 홀로코스트의 특유성 논쟁에 대한 킴 하인즈의 입장
2020,현재 페미니즘에 대한 영리한 각색: 거윅의 『작은 아씨들』
2020,초등 영어 수업에서의 문화 교육에 대한 예비 교사들의 인식 질적 탐구
2020,영어와 한국어에서 사전 문맥과 시간 은유 이해의 연관성
2020,키클로스의 서사적 구조와 엘리자베스 비숍의 「대기실에서」
2020,"A Corpus-Assisted Critical Discourse Analysis of South China Sea Issues in Chinese, American, and Philippine Newspapers"
2020,『솔로몬의 노래』에 나타난 비상과 구술
2020,영어의 연속 파열음들의 길이에 대한 연구: 단어경계를 중심으로
2020,Explicit Instruction of Meaning Inference Strategies and Success in Meaning Inference
2020,토익 리스닝 수업에서 오답 원인 자기평가의 효과
2020,원어민 화자와 한국인 EFL 학습자의 영어 지시표현 사용에 관한 연구
2020,조라 닐 허스턴의 『노예 수용소: “마지막 흑인 화물” 이야기』에 나타난 노예무역의 마지막 노예의 증언
2020,『차라투스트라는 이렇게 말했다』와 헤밍웨이 주인공의 성장—“세 단계 변화”를 중심으로
2020,문제중심학습의 영어구문법 교육: 강의와 학생 팀별 학습에 대한 실험 연구
2020,키츠: 소극적 수용력을 통한 치유자
2020,돌봄 윤리의 관점으로 읽는 『오 개척자여!』
2020,현대 미국에서의 흑백 인종간의 혼합과 담론들
2020,『눈먼 암살자』에 나타난 환대의 폭력과 수용
2020,영어와 한국어의 동의 관계 이해 및 활용
2020,Transformation of the Nineteenth Century American Writers’ Attitudes towards Nature
2020,The C-command Condition and Its Acquisition
2020,하인즈 인수 펜클의 『내 유령 형의 기억들』에 나타난 유령 재현의 수사학
2020,"Treatment of Grief, Mourning, and Trauma of a Child Soldier in Chris Abani’s Song for Night"
2020,눈물과 죽음에 대한 던의 설교: 사순절 설교의 수사적 전략
2020,A Comparative Analysis of Vinegar Tom and Snow in Midsummer
2020,Metaphorical Mechanisms for Denominal Verbs
2020,영문학 수업에 팀 기반 플립러닝 적용해보기
2020,Middle Constructions and Adverbs: A Corpora-based Analysis
2020,A Corpus-based Study on Animal Images and Symbolism Interpretation in The Grapes of Wrath
2020,불일치 음성 정보가 영어 L2 학습자의 어휘 인지에 미치는 연구: 시간적 처리 양상을 중심으로
2020,Surprising Tag Questions with Answering Fragments in English
2020,On the Status of English Mid Back Vowel /ɔ/ in Production and Perception of Korean Speakers
2020,여격구문의 간접목적어 선택기능해석과 작용역
2020,「사과를 따고 나서」에 구현된 은유에 대한 인지적 표상
2020,Korean Parental Attitudes about Sojourner Immigrant Children’s Language Learning in the U.S.
2020,올라우다 에퀴아노의 자전서사에서 언어와 문화변용의 의의
2020,영어의 형용사 문형에 관한 연구
2020,한국 대학생들이 과거 영어학습 상황에서 경험한 지루함에 관한 연구
2020,Asymmetrical Realizations of Inflectional Suffixes in English
2020,기능주의적 관점에서 본 학습 번역: EBS 수능 연계 영어교재 번역문을 중심으로
2020,폴 오스터의 『월궁』에 나타난 미국 개척 정신 비판 연구
2020,『성 아그네스 축일 전야』에 구현된 키츠의 시공간 전략
2020,뉴스보도의 현재완료에 대한 연구
2020,On the Two Types of Expletive It in English
2020,체코를 바라보는 스토파드의 시선
2020,전체주의적 관점에서 본 오웰의 『1984』와 한강의 『채식주의자』
2020,A Corpus-based Study on Academic Vocabulary of Aviation Law
2020,A Study of the Derivation of Relative Clauses: Focusing on Case-Assignment and Co-indexing
2020,On the Historical Present in The Story of Genesis and Exodus
2020,A Case Study on Using Movies in the EAP Classroom to Teach Content
2020,Acoustic Realizations of Prosodic Prominence in English and Korean
2020,헨리 제임스의 『워싱턴 스퀘어』 연구 —슬로퍼 박사의 아이러니를 중심으로
2020,허구 만들기로서의 미국독립혁명 신화: 멜빌의 『이스라엘 포터』를 중심으로
2020,미국 여성 연대 서사로서의 자메이카 킨케이드의 『루시』 읽기
2020,"We Are the Country: Rethinking Race, Nation, and Multiculturalism in Canada through Joy Kogawa’s Obasan"
2020,『미지의 땅』에 구현된 크리스토퍼 콜럼버스의 재조명을 위한 마리아 아이린 포네즈의 세 가지 전략 연구
2020,영어 전치사 자질에 따른 음성 실현 양상의 차이
2020,Potential Punishment and Environment of Women in Beth Henley’s Crimes of The Heart
2020,타자 인식을 통한 미국인 되기: 수키 김의 『통역사』를 중심으로
2021,영어와 한국어에서 성실성과 지연행동이 시간 은유 이해에 미치는 영향
2021,복수의 문제: 『주홍색 연구』와『네 사람의 서명』연구
2021,A Study on Non-human Subjects in English
2021,유사수문구문의 부정섬효과
2021,A Study on the Different Realizations of dis- in English
2021,An Approach to Satisfying EPP by Null Expletive Pro in English Locative Construction
2021,길 위에서 길 찾기: 아시아계미국 문학비평의 태동과 성장
2021,Matthew Arnold’s Sohrab and Rustum: Unfurling Characterization and Thematic Manifestations
2021,실천적 유물론에 대한 변증법적 단상: 물질과 정신의 이원론을 넘어
2021,초등영어 읽기․쓰기 수업에 대한 교사들의 인식
2021,수업 성찰지를 통해 살펴본 초등 예비 교사들의 교실 영어 활용에 대한 인식
2021,영화 활용이 폴리텍대학 학습자들의 영어 말하기 자기효능감에 미치는 효과
2021,엘리자베스 비숍의 시에 나타난 “일상생활의 초현실주의”와 그로테스크 이미지
2021,에밀리 디킨슨의 시에 나타난 수사법과 그 효과 연구
2021,Linguistic Variation in Control Structures
2021,"Analyzing the Relationship among EFL College Students’ Learning Styles, Strategies, and Awareness of Learning in Online Classes During the Pandemic"
2021,리사 크론의 자전극에 나타난 자기표출 공연으로서의 특징
2021,Controversial Issues in M. Butterfly
2021,초등학생 대상 증강현실 기반 영어 어휘수업의 효과성 분석
2021,뉴욕 산보자로서의 홀든 코필드의 멜랑꼴리 와 성장 연구
2021,A Preliminary Report on the Random Forests Approach for the Comparison of English and Korean Focus Prosody
2021,토머스 하디의 시에 나타난 “멧따 숫따” 사상: 『시선집』의 시 『10편』을 중심으로
2021,"“To lose its pain, not its intensity”: The Intensity of Affect in Dionne Brand’s What We All Long For"
2021,하 진의 『자유로운 삶』에 나타난 이주자 정체성 구축과 자유의 의미
2021,디킨슨의 시에 나타난 압축과 창조적 응답성
2021,특수목적영어 교양교육의 교수모형 개발 및 효과에 관한 연구—광고홍보영어를 중심으로
2021,금기된 욕망의 아이러니: 『파우스터스』와 『에드워드 2세』를 중심으로
2021,현대 미국의 바람직한 다문화 사회 건설을 위한 비유담으로서의 『연장전』에 나타난 세 가지 쟁점 고찰
2021,"Twain’s Critical Thoughts on Christians’ Violence—Focusing on No. 44, The Mysterious Stranger"
2021,Will Ladislaw’s Aeolian Harp in Middlemarch
2021,『최후의 인간』에 나타난 키아즘 연구
2021,다양한 미래시제의 선택과 사용에 관한 연구: 원어민과 한국인 비원어민화자의 설문 분석을 중심으로
2021,디지털 셰익스피어: 미디어로 만나는 『로미오와 줄리엣』
2021,The Grammaticalization of English Modals and Parameter-Resetting
2021,Chronosynclastic Paradigm in Kurt Vonnegut’s The Sirens of Titan
2021,T. S. 엘리엇 시학과 두 철학자 —베르그송과 브래들리
2021,"Gender, Orientalism, and the Female Gaze in Lady Mary Wortley Montagu’s Letters"
2021,화용적 원리의 신경기반 연구
2021,An Analysis on the Hierarchy between Heavy Syllables in North Kyungsang English Loanwords for the High Tone Assignment
2021,A Study on Korean Elementary Teachers’ Perceptions of Teaching English Pronunciation from an EIL Perspective
2021,On the Extractability from the TP-Ellipsis Site
2021,Gradient OCP Effects on Heterosyllabic Clusters in English Phonotactics
2021,홉킨스가 동시대 시에 미친 영향: 홉킨스와 딕슨의 서간문을 중심으로
2021,강박신경증 아들의 ‘가족 로맨스’—해롤드 핀터의 『가족의 목소리들』을 중심으로
2021,『서파이러와 노예소녀』: 기억과 치유의 서사
2021,가부장제를 수호하는 『달빛』의 앤디 연구
2021,"대학생의 영어 교과 흥미도, 학습전략, 학업성취도의 관계분석"
2021,A Labeling Approach to Extraction out of Clausal Adjuncts
2021,『새라 쏜힐』-케이트 그렌빌의 사죄를 위한 반기억 서사
2021,Uneven Realizations of NC̥ and NS in English
2021,포프의 『코브험에게 부치는 서한시』 연구
2021,모리슨의 『빌러비드』를 통해 본 개인의 삶에 대한 공동체의 책임과 연대 의식
2021,의사소통 행위와 담론 윤리의 텍스트: 『남아있는 나날』 연구
2021,[+시제] 자질에 의한 격 부여에 관하여: 영어와 한국어를 중심으로
2021,토머스 핀천의 『49호 품목의 경매』: 정보이론과 문학의 교차
2021,The Resultative Construction under the Generative Lexicon Theory
2021,Accent Assignment Patterns of English Loanwords in North Kyungsang Korean
2021,Syntax of Mandarin mei ‘every’ in Comparison with English every
2022,A Diachronic Syntactic Study on the Parable of the Prodigal Son
2022,명사-동사 전환의 다의성: 비전형적 명사 파생동사를 중심으로
2022,영어로 진행하는 영어수업의 실제: 현직 및 예비초등교사의 영어교수 불안감에 대한 인식 비교를 중심으로
2022,기독교와 자본주의: 『베니스의 상인』을 중심으로
2022,허스턴의 『 그들의 눈은 신을 보고 있었다 』: 제니의 서사욕망과 이타주의 윤리
2022,A Study on the Ecological Aspects in Hemingway’s Works
2022,앨런 긴즈버그의 시에 나타난 퀴어성과 반미학
2022,"『잘 자요, 엄마』의 제씨가 경험한 ‘죽음에 이르는 병,’ 절망"
2022,A Non-raising Approach to Matrix Object in Korean ECM Constructions
2022,Adjuncts Meet Immediate Transfer and Restructuring
2022,다독을 통한 소리내어 읽기전략이 쓰기학습에 미치는 영향—국내 대학생의 쓰기전략 연구
2022,영어와 한국어에서 자질 삼투를 통한 일치 다시 보기
2022,해롤드 핀터의 『 가벼운 통증 』에 대한 정신분석적 고찰—프로이트의 오이디푸스 콤플렉스 중심으로
2022,『 나의 안토니아 』: 윌라 캐더의 인종과 계급의식
2022,Speech Rate Development and VOT Distinction of Young Children: A Pilot Study
2022,Self-regulated Learning Strategies and Self-efficacy in a Korean EFL Writing Context
2022,Analyzing Korean College Students’ Perceptions toward English Hybrid Online Classes: With an Emphasis on Social Interaction in Class
2022,의문을 제기하는 존재로서 안티고네
2022,A Study on How Elementary English Textbooks Address Grammatical Morphemes
2022,토익집중 프로그램에 참가한 마이스터고 학생들의 학습동기 및 탈동기 연구
2022,AI 시대 창의적 교양 교육과 문학적 상상력: 『클라라와 태양』 연구
2022,역량교육 실행에 대한 교사들의 인식 탐색
2022,온라인 교양영어 학습환경에서 학생 만족도와 지각된 학습에 미치는 영향 요인에 관한 연구
2022,"Characterless Characters: Holmes’s Return in “The Adventure of the Empty House"""
2022,제임스 노리스의 『히아와타』에 구현된 1950년대 초 미국의 이상적인 모델로서의 이로쿼이족의 세 가지 덕목 연구
2022,"Comparisons of the Rhythm and Speech Rate in Paragraph Reading between Native, Chinese, and Korean Speakers of English"
2022,영어 접두사 dis-와 un-의 결합분포 차이에 대한 확률음운론적 분석
2022,A Dual Derivation Approach to Transparent Free Relatives
2022,Semantic Domains and Language Network Analysis of Synonymous Adjectives in COCA
2022,윤리적 공간을 위한 도모: 제키 시블리스 드루리의『 페어뷰 』를 중심으로
2022,『 클라우드 나인 』에 나타난 페미니스트 서사 연구
2022,Kijichon Women as Homo Sacers in States of Exception in Fenkl’s Memories of My Ghost Brother and Keller’s Fox Girl
2022,『 사랑의 발명 』에 나타난 스토파드의 세계관
2022,한국어 화자에 의한 영어 모음 간 설측음의 /l/-doubling 현상
2022,2015 개정 초중등 영어교과서 분석을 통한 음성언어 교육의 연계성 탐색
2022,딕슨과의 상호작용이 홉킨스의 시에 미친 영향
2022,온라인 수업 플랫폼에 대한 예비초등영어교사들의 인식 비교: Gather.town과 E-Class를 중심으로
2022,"내재적 동기, 초인지학습전략과 학업성취도의 관계분석"
2022,"MERGE, Labeling and Transfer Meet the Subject Condition"
2022,An Alternative Analysis of Syncope in English
2022,제임스 조이스의 『피네건스 웨이크』에 나타난 성상성 연구
2022,Modernism and Bourgeois Dissidence in Virginia Woolf’s Mrs. Dalloway
2022,Event VPs and Different Types of Objects in Korean in Comparison with English
2022,디아스포라 정체성과 혼종성 다시쓰기: 줌파 라히리의 『질병 통역사』를 중심으로
2022,엘리자베스 비숍의 「대기실에서」에 나타나는 기하 추상과 바이오모픽 추상 연구
2022,Representation of a Multilayered Narratorial Self in Jamaica Kincaid’s Among Flowers and My Garden 
2022,『폭풍』에 나타난 프로스페로의 중용적 비전
2022,영어 보충어 강요 문장 처리 연구: 전산 심리언어학 관점에서
2022,보드리야르의 시뮬라크르로서의 마크 트웨인의 시뮬라시옹—『신비한 소년 44호』를 중심으로-
2023,Plural and Anaphoric Definite
2023,match in Ellipsis
2023,An Eclectic Approach to Control
2023,Neoliberal Fantasy and Neocolonial Nightmare in Bong Joon-Ho’s Parasite
2023,헬레드 호세이니의 『연을 쫓는 아이』에 나오는 취약성과 애도의 존재윤리와 정치
2023,Diasporic Selves in between the National and the Transnational: A Study on Ha Jin’s Emergence and Growth as a Diasporic Writer
2023,텍스트 양식이 중의적인 시간 질문의 해석에 미치는 영향
2023,A Stochastic Phonological Analysis on the Variations of Alveolar Plosives before Glides across Word Boundaries in American English
2023,대학 온라인 환경 플립러닝 영작문 수업에서의 성취도 및 정의적 영역 변화 연구
2023,영어듣기능력평가를 활용한 중학교 교수학습자료 개발 연구
2023,ChatGPT를 활용한 영시 쓰기 수업 사례
2023,A Correlation Between Cultural Intelligence and English Proficiency Among Korean College Students
2023,"David Foster Wallace’s The Broom of the System: Self vs. Other, Identity and Functionality"
2023,Examining the Effectiveness and Challenges of an EMI Global Program in South Korea: A Case Study
2023,온라인 비실시간 영문법 수업의 효과 —문법 항목의 선택을 중심으로
2023,전국 16개 시도교육청 영어듣기능력평가에 대한 서울시 중등 영어교사들의 인식 분석
2023,들리지 않는 외침: 휫먼 시의 동물 시학
2023,골드스미스의 「황폐한 마을」에 나타난 사회 비평 고찰
2023,Dickens’s Poetics in Oliver Twist: Parody and Social Criticism
2023,The Plays are Devised Out: Reading Theatrical Strategies in King Henry IV and Jane Eyre
2023,머독의 『잘려진 머리』: 신화적 상상력과 마조히즘
2023,Morphologically Conditioned Syncope in English
2023,A Study on Korean-speaking Child English Learners’ Perceptions of English Accents
2023,창의적 사고 역량 측면에서의 초등 영어 지도서 교사 발문 분석
2023,Against the Movement Analysis of PRO-ing Constructions
2023,폴라 보걸의 『가장 오래된 직업』과 혐오 극복
2023,인간성과 인공지능의 경계: 가즈오 이시구로의 『클라라와 태양』 연구
2023,‘의인화’에서 자연물로의 ‘변신’까지: 메리 올리버의 『열두 달들』을 중심으로
2023,"수업공동체의식, 자아효능감, 학업능력의 인과관계 분석"
2023,중학생 L2 학습자의 문장 암기 유형에 따른 영어능력 향상 연구—교과서 본문 암기를 중심으로
2023,국내학부 영어전공자들의 한영 기계번역 품질에 대한 정의적 특성 분석
2023,밀턴의「제 7 애가」와「철회」연구
2023,A Study of Polarity Items through Word2Vec: wh-so-ever vs. any
2023,Propositional Surprise ‘How’ Questions and Insensitivity to Inner Island
2023,「봄의 연못들」 에 구현된 은유에 대한 과학철학적 분석
2023,Variation in Marking Event Telicity: English and Other Languages
2023,이차결과구문 다시보기: 타동사 결과구문의 결손 pro 위치를 중심으로
2023,「뮤즈의 비극」과 『그 지방의 관습』에서 낭만적 뮤즈와 문학 생산
2023,제피렐리의 <햄릿>에 나타난 셰익스피어의 미국화 문제
2023,『버드나무에 부는 바람』에 나타난 ‘판’: 환상적 이미지의 구현과 창조성의 승화
2023,아도르노와 함께 쿳시의『엘리자베스 코스텔로』읽기: 보이지 않는 것의 서기인 작가의 소명과 또 다른 충실함의 문제
2023,마크 세인트 저메인의『상대성 이론』에 극화된 앨버트 아인슈타인의 삶의 어두운 진실 및 쟁점 연구
2023,Strategically Adopting or Resisting Monolingual Perspectives: Chinese pre-service EFL Teachers’ Agentic Negotiation of Ideologies of the English Language
2024,｢암흑｣: 인류세적 생태불안
2024,『로미오와 줄리엣』다시 쓰기:『줄리엣과 줄리엣』에 나타난 이성애 중심 서사의 해체
2024,Anticommunist Representation of ‘Comfort Women’ through Multiracial Democracy in  Therese Park’s A Gift of the Emperor
2024,라이프스타일이 시간의 중의성 해결에 미치는 영향
2024,A Quantitative Analysis of Palatalization Across Word Boundaries in American English: Sociolinguistic Factors and Individual Variations
2024,Beyond Words: Comics as a Form of Visual Thinking
2024,이미지의 반란: 테이트 브리튼 온라인 미술관의 에크프라시스 시를 중심으로
2024,<애프터 양> 속 기억 연대와 포스트휴먼 공동체의 가능성 연구
2024,2015 개정 영어과 교육과정의 성과와 한계: 네 가지 언어 기능에 대한 고등학교 영어교사 인식을 중심으로
2024,Milton’s Hero and Heroism in Paradise Lost
2024,인공지능의 긍정적 미래—마블 스튜디오의 『어벤저스: 울트론의 시대』연구
2024,The Acoustic Analysis of English Intervocalic Lateral /l/ by South and North Korean Speakers
2024,포스트 코로나 시대 소방영어 ESP 수업 설계를 위한 요구분석
2024,대학교 영어 전공 수업에서의 전면 온라인 플립러닝이 자기 조절 학습 전략에 미치는 영향 연구
2024,피와 분노의 여정으로 얼룩진 트라우마 서사 읽기: 알레시아 해리스의『이즈 갓 이즈』를 중심으로
2024,콜슨 화이트헤드의『니클의 소년들』에 나타난 비폭력 윤리와 “애도 가능한 삶”에 대하여
2024,스파이 활동을 통해 본 초국가적 정체성: 하 진의 『배반의 지도』
2024,An Analysis of the Predictive Power of Four Models in Machine Learning and Deep Learning: Focusing on the Reviews of the Movie Noryang
2024,예외격 구문과 타동사 결과구문 비교 및  예외격 요소 분석
2024,문학과 치유: 문학치료적 관점에서 읽는 앨리스 워커의 『컬러 퍼플』
2024,An Ecological Victory: Deep Ecology in The Old Man and the Sea
2024,보어절과 부가어절로부터의 부정극어 인허
2024,Split Phi-Feature Agreement in There-Constructions and Labeling Algorithm
2024,A New Perspective on the Vowel Epenthesis in English Word Formation Process
2024,이주자의 미학: 시인으로서 하 진에 관한 연구
2024,이야기하기와 타자성—앨리스 먼로의 ｢내 젊은 날의 친구｣에 나타난 작가의 성장
2024,대학 영어 글쓰기 수업에서 아이디어 브레인스토밍을 위한 ChatGPT 활용 가능성 탐색
2024,Topic-Specific Needs Analysis to Enhance Workplace Communication for Korean University Students
2024,"A Diachronic Syntactic Study on the Parable of the Rich Man and Lazarus—Focusing on Tense, Aspect, and Modality"
2024,2022 개정 영어과 교육과정의 항존성 고찰: 중·고등학교 영어듣기능력평가를 중심으로
2024,『아이작과 아만다』에 나타난 뉴턴의 공적 생활의 세 가지 업적과 사생활의 세 가지 어두운 진실 고찰
2024,On Intervention Effects in TOUGH Constructions in English
2024,Parallel and Serial Relations Between Cognitive Categories—An Analysis of Interface Models in Language Cognition
2024,On the Licensing of NPIs and Replacement in the swu/li eps- construction
2024,플립러닝 수업이 대학생 영어학습자의 자아효능감과 공동체 의식에 미치는 효과
2024,Assessing One-on-One Con and Pro Debate Incorporating Learner-Directed Assessment
2024,How Did EFL College Instructors Incorporate ChatGPT into their Speaking Classes: Focused on Using Prompts and Obtaining Feedback?
2024,클레어 키건의 가족 서사:『맡겨진 아이』에서의 에피퍼니
2024,『이처럼 사소한 것들』에서 재현된 악의 평범성
2024,Adjectival Left Branch Extraction and the DP/NP Parameter
2024,홉킨스의 서간문을 통해서 본 어둠의 소네트와 직무 스트레스의 상관관계
2024,Gary Pak’s Brothers under a Same Sky: The Second Generation Korean Hawaiians in the Outsider Within Status
2024,유쾌한 윤리: 현대판 도덕극 <더 굿 플레이스>
2024,An Interface-based Approach to Givenness and Contrastiveness of Information Structure in Korean
2024,Hyperraising in Korean
2024,의사소통에서 시제-상 선택의 대안적 지표로서 비언어적 신호
2024,초등 영어 지도서의 교사-학생 담화 구조 및 내용 분석
2024,핀터의『풍경』에 나타난 고립과 고독